Title,Link,Company,Salary,Locations,Level,Year of Experience,Contract Type,Sex,Skills
Trưởng Nhóm Triển Khai - Vận Hành Hệ Thống,https://www.topcv.vn/viec-lam/truong-nhom-trien-khai-van-hanh-he-thong/1269618.html?ta_source=ITJobs_LinkDetail,CHI NHÁNH CÔNG TY CỔ PHẦN PHẦN MỀM VIỄN THÔNG MIỀN NAM TẠI HÀ NỘI,15 - 20 triệu,Hà Nội,Trưởng nhóm,1 năm,Toàn thời gian,Không yêu cầu,"- Tốt nghiệp từ Cao đẳng trở lên chuyên ngành CNTT hoặc các chuyên ngành liên quan;
- Có ít nhất 01 năm kinh nghiệm ở vị trí tương đương;
- Có kiến thức nền tảng với HDH Linux (Ubuntu, CentOS, ...), Vmware
- Có kiến thức nền tảng về Networking và hệ thống mạng LAN/WAN,Có kiến thức VoIP là lợi thế
- Có kỹ năng phân tích, tổng hợp và xử lý thông tin, dữ liệu CNTT;
- Có kỹ năng chẩn đoán và giải quyết vấn đề;"
Unity Developer - Lương Từ 12 - 30 Triệu - Được Chia Sẻ Doanh Thu Của Các Dự Án,https://www.topcv.vn/viec-lam/unity-developer-luong-tu-12-30-trieu-duoc-chia-se-doanh-thu-cua-cac-du-an/1272229.html?ta_source=ITJobs_LinkDetail,Công ty TNHH NGen,12 - 30 triệu,Hà Nội,Nhân viên,1 năm,Toàn thời gian,Không yêu cầu,"Có tối thiểu 1 năm kinh nghiệm phát triển game trên nền tảng UnityTốt nghiệp trường đại học Bách Khoa Hà NộiĐam mê làm các sản phẩm gameNăng động, ham học hỏi."
Software Developer (C/C++),https://www.topcv.vn/viec-lam/software-developer-c-c/1282162.html?ta_source=ITJobs_LinkDetail,Công ty TNHH Shinhan DS Việt Nam,Thoả thuận,Hồ Chí Minh,Nhân viên,3 năm,Toàn thời gian,Không yêu cầu,"From 3 years of experience in Software Development/Embedded DevelopmentProficiency in C/C++ based on Unix, Linux.Familiar with SQL/Oracle.Good to have: Pro C and Finance & Banking field.Good problem-solving & communication skills.Detail-oriented, proactive, and fast learner.Can communicate in English."
Nhân Viên Xử Lý Dữ Liệu Hình Ảnh Tại Hà Nội (6 - 8 Triệu) Không Yêu Cầu Kinh Nghiệm,https://www.topcv.vn/viec-lam/nhan-vien-xu-ly-du-lieu-hinh-anh-tai-ha-noi-6-8-trieu-khong-yeu-cau-kinh-nghiem/1283047.html?ta_source=ITJobs_LinkDetail,Công ty TNHH LTS Global Digital Services,6 - 8 triệu,Hà Nội,Nhân viên,Không yêu cầu kinh nghiệm,Toàn thời gian,Không yêu cầu,"Tốt nghiệp các trường đại học/cao đẳng
Kiên trì và cẩn thận
Ưu tiên có kinh nghiệm về xử lý dữ liệu hình ảnh
Độ tuổi: 18 - 25"
Giáo Viên Tin Học,https://www.topcv.vn/brand/fptedu/tuyen-dung/giao-vien-tin-hoc-j1270573.html?ta_source=ITJobs_LinkDetail,TỔ CHỨC GIÁO DỤC FPT,Thoả thuận,Thanh Hoá,Nhân viên,1 năm,Toàn thời gian,Không yêu cầu,"Tốt nghiệp Đại học trở lên chuyên ngành Sư phạm Tin học hoặc các chuyên ngành có liên quan (Công nghệ thông tin, Khoa học máy tính, Kĩ thuật phần mềm, An toàn thông tin,...), có Chứng chỉ nghiệp vụ sư phạm (nếu chuyên ngành tốt nghiệp không thuộc khối ngành Sư phạm)Có kiến thức chuyên môn tốt, hiểu biết về lập trình, đặc biệt là lập trình dành cho lứa tuổi trẻ em (Scratch, Tynker, Minecraft, Python, Roblox, Robotics,...)Có tâm huyết với nghề, phẩm chất đạo đức tốtKỹ năng giao tiếp, thuyết trình, giải quyết tình huống sư phạm và làm việc nhóm tốtNhanh nhẹn, năng động, có tinh thần học hỏi và sẵn sàng đổi mới phương pháp dạy họcThành thạo các phần mềm, ứng dụng và các thiết bị hỗ trợ giảng dạyƯu tiên ứng viên có từ 02 năm kinh nghiệm trở lên ở vị trí tương đương, cựu học sinh trường chuyên, từng đạt giải trong các kì thi Học sinh Giỏi hoặc có kinh nghiệm hướng dẫn đội tuyển học sinh dự thi Học sinh Giỏi."
"Data Scientist - Up To $2,500 Per Month Tại Hà Nội",https://www.topcv.vn/viec-lam/data-scientist-up-to-2-500-per-month-tai-ha-noi/1274624.html?ta_source=ITJobs_LinkDetail,CÔNG TY TNHH GIẢI PHÁP CÔNG NGHỆ ALETECH,"Trên 2,500 USD",Hà Nội,Nhân viên,5 năm,Toàn thời gian,Không yêu cầu,"1. Educational Background: - Bachelor's or Master’s degree in Computer Science, Data Science, or a related field.2. Experience: - Minimum of 5 years of experience in data management, analytics, and visualization. - Demonstrated success in implementing data strategies within a business context.3. Technical Skills: - Proficiency in data analysis tools such as Python. - Familiarity with SQL Server, Azure Blob Storage, and other relevant data storage technologies. - Strong expertise in data visualization tools (e.g., Tableau, Power BI).4. Statistical Modeling and Machine Learning: - Profound understanding of statistical modeling and machine learning techniques. - Ability to apply advanced analytics to tackle complex business challenges.5. Language Proficiency: - Exceptional English language skills, both written and verbal. - Capacity to communicate technical concepts effectively to non-technical stakeholders.6. Leadership and Collaboration: - Proven leadership and team management capabilities. - Effective collaboration with cross-functional teams and outstanding interpersonal skills.7. Analytical Thinking: - Strong analytical and problem-solving skills, with meticulous attention to detail. - Ability to translate complex data into actionable insights.8. Innovation and Continuous Learning: - Commitment to staying abreast of industry trends and emerging technologies. - Track record of driving innovation in data management practices."
Fresher Software Developer,https://www.topcv.vn/viec-lam/fresher-software-developer/1273298.html?ta_source=ITJobs_LinkDetail,Công Ty TNHH LG CNS VIỆT NAM,Thoả thuận,Hà Nội,Nhân viên,Dưới 1 năm,Toàn thời gian,Không yêu cầu,"I. Theo vị trí1. Kỹ sư lập trình WebCó tư duy logic, thuật toán tốtCó kiến thức cơ bản về Java core, Spring, Spring BootCó hiểu biết về Rest APIHiểu biết chung về HTML / HTML5, CSS / CSS3Hiểu biết về UI/UX PrinciplesCó hiểu biết về json object (understand)Có kinh nghiệm sử dụng Visual Code Studio, Git, Git Flow2. Kỹ sư Cloud/ DevOpsCó kiến thức liên quan tới Window, Linux, Unix OSCó kiến thức liên quan tới private cloud, public cloud.Có hiểu biết liên quan tới CI/CD tools: Gitlab, Jenkins, Nexus, etc.Có khả năng sử dụng scripts: Python, Bash ScriptCó khả năng xử lý vấn đềII. Yêu cầu chungTốt nghiệp Đại học với các chuyên ngành liên quan tới Máy tính, phần mềm, vvTiếng Anh TOEIC 450 trở lênCó khả năng làm việc nhóm và giao tiếp với team memberCẩn thận, trách nhiệm, có tinh thần cầu tiến, ham học hỏi và khả năng tự học[Ưu tiên]Có hiểu biết về SASS, BEMCó hiểu biết về jquery, ajaxBiết sử dụng Adobe Photoshop, Figma, coding convension cleanCó thể giao tiếp tiếng Hàn"
Tester Leader/Trưởng Nhóm Kiểm Thử - Lương Up To 25M,https://www.topcv.vn/viec-lam/tester-leader-truong-nhom-kiem-thu-luong-up-to-25m/1283961.html?ta_source=ITJobs_LinkDetail,CÔNG TY TNHH FIVE-STAR E-LEARNING,20 - 25 triệu,Hà Nội,Trưởng nhóm,3 năm,Toàn thời gian,Không yêu cầu,"Có ít nhất 3 năm kinh nghiệm Test phần mềm các dự ánCó kinh nghiệm ít nhất 1 năm kinh nghiệm Test leaderTốt nghiệp ĐH chuyên ngành CNTT, toán tin ứng dụng, phần mềm, ...Thành thạo kiến thức, kỹ thuật, kỹ năng Test : Hiểu biết về các Test process, Test Level, Test Types và các kỹ thuật kiểm thử phần mềmCó khả năng đọc hiểu, phân tích tốtCó khả năng giao tiếp tốtCó khả năng dẫn dắt, tạo động lực cho member;Có khả năng thích ứng nhanh, liên tục cải tiến."
Ecommerce Marketing,https://www.topcv.vn/viec-lam/ecommerce-marketing/1273674.html?ta_source=ITJobs_LinkDetail,CÔNG TY TNHH CÔNG NGHỆ THÔNG TIN AN PHÁT,9 - 12 triệu,Hồ Chí Minh,Nhân viên,1 năm,Toàn thời gian,Không yêu cầu,"Tốt nghiệp đại học các chuyên ngành Kinh tế, QTKD, Marketing, hoặc các ngành nghề khác có liên quan.
Có ít nhất 1 năm kinh nghiệm về ecommerce marketing/online marketing.
Có khả năng phân tích, đánh giá và lập kế hoạch.
Kỹ năng đàm phán tốt.
Nhanh nhẹn, chủ động, chăm chỉ, cầu thị, trách nhiệm và có khả năng chịu áp lực công việc và áp lực"
"Front-End Developers Thu Nhập Upto 2,600USD",https://www.topcv.vn/viec-lam/front-end-developers-thu-nhap-upto-2-600usd/1197636.html?ta_source=ITJobs_LinkDetail,GEM MULTIMEDIA SDN. BHD,"2,500 - 2,600 USD",Nước Ngoài,Trưởng nhóm,3 năm,Toàn thời gian,Không yêu cầu,"- Tốt nghiệp Đại học CNTT hoặc tương đương.- Có 03 năm kinh nghiệm lập trình Front - End.- Có kiến thức vững về HTML, CSS, JavaScript.- Sử dụng thành thạo Bootstrap, HTML5, CSS3, SCSS.- Nắm vững các thư viện như jQuery, LESS của Javascript.- Sử dụng thành thạo các framework của Javascript hiện nay như AngularJS, Backbone, Ember, ReactJS...- Có kiến thức về UX/UI, Responsive Design và thiết kế Mobile.- Có kinh nghiệm về xử lý Realtime, Client-Server (API, Socket).- Biết sử dụng các phần mềm đồ họa như Photoshop, AI.- Có kinh nghiệm làm việc API (sử dụng REST/SOAP, Microservices, ESB, SOA, GraphQL, Sockets, ...)- Có kinh nghiệm sử dụng các công cụ phát triển phần mềm (ví dụ: Git, Jenkins, JIRA)- Có kinh nghiệm phát triển ứng dụng web sử dụng NodeJS, AngularJS, Python, Java, A- Có tư duy lập trình tốt, có khả năng làm việc nhóm và độc lập, cẩn thận và sáng tạo.- Có khả năng tự nghiên cứu về công nghệ mới.- Đọc hiểu tài liệu tiếng Anh."
Nhân Viên IT Phần Mềm Tại Bắc Ninh,https://www.topcv.vn/viec-lam/nhan-vien-it-phan-mem-tai-bac-ninh/877681.html?ta_source=ITJobs_LinkDetail,Công ty TNHH MPT Solution (Việt Nam),Thoả thuận,Bắc Ninh,Nhân viên,Không yêu cầu kinh nghiệm,Toàn thời gian,Không yêu cầu,"1). Tốt nghiệp Cao đẳng trở lên các chuyên ngành công nghệ thông tin, công nghệ phần mềm.
2). Thành thạo các ngôn ngữ lập trình : C#, Java , Javascript , Dotnet...
3). Có hiểu biết về SQLSERVER、MYSQL, Oracle. Hiểu biết Oracle là một lợi thế
4) Tiếng Trung thành thạo"
Nhân Viên IT Hệ Thống (Thu Nhập 18 - 25 Triệu + Hỗ Trợ Ăn Trưa),https://www.topcv.vn/viec-lam/nhan-vien-it-he-thong-thu-nhap-18-25-trieu-ho-tro-an-trua/1280663.html?ta_source=ITJobs_LinkDetail,CÔNG TY CỔ PHẦN TOMECO AN KHANG,18 - 25 triệu,Hà Nội,Nhân viên,5 năm,Toàn thời gian,Không yêu cầu,"- Đại học chuyên ngành liên quan: công nghệ thông tin
- Có kiến thức về Công nghệ thông tin, máy văn phòng.
- Am hiểu về hệ thống mạng Lan, Wan, internet;
- Am hiểu về hệ điều hành Windows Server/Linux, ...;
- Am hiểu quản trị cơ sở dữ liệu SQL Server;
- Am hiểu hệ thống bảo mật: DLP; network security;
- Nắm vững các quy định về bảo mật thông tin;
- Quản lý các thiết bị công nghệ thông tin và công nghệ của công ty;"
Chuyên Viên Digital Marketing Executive - Đi Làm Ngay,https://www.topcv.vn/viec-lam/chuyen-vien-digital-marketing-executive-di-lam-ngay/1280870.html?ta_source=ITJobs_LinkDetail,CÔNG TY TNHH DƯỢC PHẨM PRO CUỘC SỐNG XANH,Trên 10 triệu,Hà Nội,Nhân viên,2 năm,Toàn thời gian,Không yêu cầu,"- Tốt nghiệp Đại học chuyên ngành marketing hoặc liên quan. Ưu tiên ứng viên nam.
- Kinh nghiệm từ 2 năm ở vị trí Digital Marketing là một lợi thế.
- Am hiểu về các công cụ Digital Marketing và sử dụng thành thạo, edit video để chạy quảng cáo/ thiết kế hình ảnh cơ bản
- Có khả năng xây dựng chiến lược marketing và làm việc theo chỉ tiêu kế hoạch, tinh thần trách nhiệm cao, đúng tiến độ.
- Kỹ năng viết và giao tiếp tốt.
- Thái độ tích cực và suy nghĩ lạc quan trong công việc.
- Ưu tiên ứng viên có khả năng quay dựng chụp hình và thiết kế cơ bản."
Nhân Viên Xử Lý Dữ Liệu Tiếng Nhật (Tiếng Nhật N3),https://www.topcv.vn/viec-lam/nhan-vien-xu-ly-du-lieu-tieng-nhat-tieng-nhat-n3/1286664.html?ta_source=ITJobs_LinkDetail,CHI NHÁNH CÔNG TY TNHH PASONA TECH VIỆT NAM TẠI HÀ NỘI,Thoả thuận,Hà Nội,Nhân viên,Không yêu cầu kinh nghiệm,Toàn thời gian,Không yêu cầu,"- Tốt nghiệp đại học, cao đẳng.
- Tiếng Nhật tương đương N3.
- Thành thạo tin học văn phòng, đặc biệt là Excel, Word.
- Có khả năng giao tiếp tốt, nhanh nhẹn, chăm chỉ và ham học hỏi.
- Yêu thích làm việc trong môi trường công ty Nhật Bản."
CTV Vận Hành Lớp Học Trực Tuyến Part Time,https://www.topcv.vn/viec-lam/ctv-van-hanh-lop-hoc-truc-tuyen-part-time/1276247.html?ta_source=ITJobs_LinkDetail,CÔNG TY TNHH PHÁT TRIỂN GIẢI PHÁP & CNTT DIỆP ANH,2.5 - 6 triệu,Hà Nội,Nhân viên,Không yêu cầu kinh nghiệm,Bán thời gian,Không yêu cầu,"Độ tuổi: 18 - 21 tuổiCó kinh nghiệm và kỹ năng sử dụng các công cụ Microsoft OfficeCó kỹ năng sử dụng các phần mềm điều khiển máy tính từ xa : teamviewer, ultraviewer, anydesk...Chưa có kinh nghiệm sẽ được công ty đào tạo từ đầu.Có laptop cá nhân để phục vụ cho công việc.Có kinh nghiệm hoạt động đội nhóm."
Trưởng Phòng Giải Pháp Tại Hà Nội Thu Nhập 30M-40M,https://www.topcv.vn/viec-lam/truong-phong-giai-phap-tai-ha-noi-thu-nhap-30m-40m/1013348.html?ta_source=ITJobs_LinkDetail,Công ty cổ phần Ecoit,30 - 40 triệu,Hà Nội,Trưởng/Phó phòng,5 năm,Toàn thời gian,Không yêu cầu,"– Tốt nghiệp Đại Học trở lên chuyên ngành CNTT, tin học ứng dụng, điện tử viễn thông hoặc tương đương. – Am hiểu rõ các vấn đề pháp lý liên quan đến đấu thầu. – Có chứng chỉ về quản lý dự án là một lợi thế. – Có tối thiểu từ 03 năm kinh nghiệm làm việc trong các dự án CNTT, ĐẶC BIỆT là các dự án đầu tư công. – Có kinh nghiệm trong việc lập Báo cáo nghiên cứu khả thi, Thiết kế thi công tổng dự toán, Đề cương và Dự toán chi tiết... và các hồ sơ liên quan trong các dự án CNTT. – Nắm vững các giải pháp ứng dụng CNTT, giải pháp chuyển đổi số doanh nghiệp. (Hệ thống quản lý văn bản điều hành, Hệ thống thông tin nội bộ, Cổng TTĐT, giải pháp số hóa tài liệu, giải pháp kho lưu trữ số...) – Nắm vững cơ sở pháp lý và các thủ tục tham gia đấu thầu. – Có tinh thần học hỏi, có khả năng xây dựng/ thiết lập và duy trì các mối quan hệ với đối tác/ khách hàng; – Thành thạo giao tiếp, đàm phán, phân tích dữ liệu. – Có khả năng làm việc độc lập và làm việc nhóm.- Trình độ tin học: Thành thạo các kỹ năng vi tính văn phòng (MS. Word, Excel, PowerPoint, Outlook, Internet Explorer); Biết sử dụng Project Manager, Mindjet Mind manager là điểm cộng."
Tester Nữ (Có Kinh Nghiệm) - Tại Hà Nội,https://www.topcv.vn/viec-lam/tester-nu-co-kinh-nghiem-tai-ha-noi/1261111.html?ta_source=ITJobs_LinkDetail,MochiMochi,Thoả thuận,Hà Nội,Nhân viên,1 năm,Toàn thời gian,Nữ,Đã có tối thiểu 1 năm kinh nghiệm trong các công việc tương tự Kỹ năng đọc hiểu tiếng Anh cơ bảnCởi mở và sẵn sàng học hỏiGửi kèm manual/automation testcase về UI/UX/Api/DB đã từng thực hiện trong CV ứng tuyển
IT Communicator (Japanese Speaking) Nhân Viên IT Tiếng Nhật,https://www.topcv.vn/viec-lam/it-communicator-japanese-speaking-nhan-vien-it-tieng-nhat/1277713.html?ta_source=ITJobs_LinkDetail,CHI NHÁNH CÔNG TY TNHH PASONA TECH VIỆT NAM TẠI ĐÀ NẴNG,Thoả thuận,Đà Nẵng,Nhân viên,1 năm,Toàn thời gian,Không yêu cầu,"Tốt nghiệp Đại họcKhả năng đọc, viết, tiếp thu và giao tiếp tiếng Nhật ở mức N2 trở lênCó từ 1 năm kinh nghiệm làm việc ở vị trí Communicator hoặc tương đươngNăng động và ham học hỏi (trong lĩnh vực kinh doanh, công nghệ thông tin, ngôn ngữ)Có tinh thần làm việc nhómƯu tiên:Kinh nghiệm trong lĩnh vực ITKinh nghiệm làm việc trong công ty Nhật Khả năng giao tiếp bằng tiếng Anh."
IT Comtor Tiếng Nhật -Thu Nhập Lên Tới 25 Triệu/Tháng,https://www.topcv.vn/viec-lam/it-comtor-tieng-nhat-thu-nhap-len-toi-25-trieu-thang/1281141.html?ta_source=ITJobs_LinkDetail,Beetechsoft,15 - 25 triệu,Hà Nội,Nhân viên,1 năm,Toàn thời gian,Không yêu cầu,"Có trình độ cao đẳng trở lên. Tốt nghiệp các chuyên ngành liên quan đến tiếng Nhật. (N1, N2 hoặc tương đương)Có từ 1.5 năm kinh nghiệm với vị trí trí IT Comtor - Lĩnh vực phần mềm.Thành thạo vi tính văn phòng đặc biệt là word, excel, powerpoint.Kỹ năng xử lý công việc nhanh, chính xác.Kỹ năng giao tiếp, thuyết phục tốt.Cẩn thận, trung thực, kiên trì.Năng động, tự tin, sáng tạo, có khả năng làm việc độc lập và làm việc theo nhóm.Có khả năng hướng dẫn các member có ít kinh nghiệm.Ưu tiên những ứng viên luôn nỗ lực hết mình trong mọi hoàn cảnh và đưa ra những ý kiến đóng góp để phát triển công việc.Đã có kinh nghiệm làm việc tại các công ty Nhật Bản, Âu, Mỹ là một lợi thế."
Giáo Viên Tin Học - Tại Bắc Giang,https://www.topcv.vn/brand/fptedu/tuyen-dung/giao-vien-tin-hoc-tai-bac-giang-j1270454.html?ta_source=ITJobs_LinkDetail,TỔ CHỨC GIÁO DỤC FPT,Thoả thuận,Bắc Giang,Nhân viên,1 năm,Toàn thời gian,Không yêu cầu,"Tốt nghiệp Đại học trở lên chuyên ngành Sư phạm Tin học hoặc các chuyên ngành có liên quan (Công nghệ thông tin, Khoa học máy tính, Kĩ thuật phần mềm, An toàn thông tin,...), có Chứng chỉ nghiệp vụ sư phạm (nếu chuyên ngành tốt nghiệp không thuộc khối ngành Sư phạm)Có kiến thức chuyên môn tốt, hiểu biết về lập trình, đặc biệt là lập trình dành cho lứa tuổi trẻ em (Scratch, Tynker, Minecraft, Python, Roblox, Robotics,...)Có tâm huyết với nghề, phẩm chất đạo đức tốtKỹ năng giao tiếp, thuyết trình, giải quyết tình huống sư phạm và làm việc nhóm tốtNhanh nhẹn, năng động, có tinh thần học hỏi và sẵn sàng đổi mới phương pháp dạy họcThành thạo các phần mềm, ứng dụng và các thiết bị hỗ trợ giảng dạyƯu tiên ứng viên có từ 02 năm kinh nghiệm trở lên ở vị trí tương đương, cựu học sinh trường chuyên, từng đạt giải trong các kì thi Học sinh Giỏi hoặc có kinh nghiệm hướng dẫn đội tuyển học sinh dự thi Học sinh Giỏi."
Nhân Viên IT Helpdesk Nam Tại Vĩnh Phúc,https://www.topcv.vn/viec-lam/nhan-vien-it-helpdesk-nam-tai-vinh-phuc/1281011.html?ta_source=ITJobs_LinkDetail,Công ty TNHH Phân Phối Synnex FPT,Tới 9 triệu,Vĩnh Phúc,Nhân viên,2 năm,Toàn thời gian,Nam,"Nam, tốt nghiệp Cao đẳng trở lên các ngành điện tử, viễn thông, CNTT.
Có 02 năm kinh nghiệm trong lĩnh vực liên quan
Hiểu biết về hệ thống mạng LAN, WAN
Biết cài đặt mail Outlook, lưu trữ thông tin mail.
Có khả năng quản trị các hệ thống của MS như AD, DNS, DHCP, file, TMG ...
Có khả năng cài đặt và quản lý các ứng dụng
Chịu được áp lực công việc, có khả năng làm việc độc lập và làm việc nhóm"
Digital Marketing,https://www.topcv.vn/viec-lam/digital-marketing/1278513.html?ta_source=ITJobs_LinkDetail,CÔNG TY TNHH WELLNESS LIFESTYLE,Thoả thuận,Hà Nội,,,,,
UX Designer (Upto 30M),https://www.topcv.vn/viec-lam/ux-designer-upto-30m/1280602.html?ta_source=ITJobs_LinkDetail,CÔNG TY CỔ PHẦN SYSTEMATIC FUNCTIONS,Tới 30 triệu,Hà Nội,,,,,
Quản Lý Dự Án (IT Project Manager) Làm Việc Tại Hà Nội,https://www.topcv.vn/viec-lam/quan-ly-du-an-it-project-manager-lam-viec-tai-ha-noi/1273420.html?ta_source=ITJobs_LinkDetail,Công Ty TNHH LG CNS VIỆT NAM,Thoả thuận,Hà Nội,,,,,
Unity Developer (Fresher),https://www.topcv.vn/viec-lam/unity-developer-fresher/1279020.html?ta_source=ITJobs_LinkDetail,Công ty TNHH BraveZone,400 - 600 USD,Hà Nội,,,,,
Kỹ Sư Phát Triển Phần Mềm (C/C++/Java/Golang/Android/IOS) - Lương Từ $650 - $2200++,https://www.topcv.vn/brand/congnghiepvienthongquandoi/tuyen-dung/ky-su-phat-trien-phan-mem-c-c-java-golang-android-ios-luong-tu-650-2200-j1269191.html?ta_source=ITJobs_LinkDetail,TẬP ĐOÀN CÔNG NGHIỆP - VIỄN THÔNG QUÂN ĐỘI,"650 - 2,200 USD","Hà Nội, Hồ Chí Minh",Nhân viên,2 năm,Toàn thời gian,Không yêu cầu,"- Tốt nghiệp Đại học chính quy loại Khá trở lên chuyên ngành: Công nghệ thông tin, Khoa học máy tính, Toán – tin, Điện tử viễn thông,...hoặc các chuyên ngành kỹ thuật khác liên quan.- Trình độ tiếng Anh tương đương tối thiểu 550 điểm Toeic.- Có tối thiểu 02 năm kinh nghiệm liên quan đến vị trí ứng tuyển.- Sử dụng tốt ít nhất 1 ngôn ngữ lập trình (C/C++/Java/Golang/Android/iOS).- Có kiến thức nền tảng về công nghệ thông tin, ngôn ngữ mô hình hóa UML; quy trình phát triển phần mềm và toàn bộ vòng đời ứng dụng; mạng máy tính (các loại mạng, kiến trúc mạng, lập trình mạng, giao thức); ngôn ngữ truy vấn dữ liệu SQL, làm việc với hệ quản trị cơ sở dữ liệu, cấu trúc dữ liệu và giải thuật."
"Kỹ Sư IT Network (CSR Firewall, Networking, English)",https://www.topcv.vn/viec-lam/ky-su-it-network-csr-firewall-networking-english/1273727.html?ta_source=ITJobs_LinkDetail,Công Ty TNHH LG CNS VIỆT NAM,Thoả thuận,Hà Nội,Nhân viên,1 năm,Toàn thời gian,Không yêu cầu,"Bắt buộcTốt nghiệp đại học trở lên, ưu tiên các chuyên ngành liên quanCó kiến thức cơ bản về Network(Hiểu về Switch, Routing, Port v.v)Có kinh nghiệm xử lí task về Firewall (thêm, sửa, xóa policy ...)Ưu tiênCó kính nghiệm vận hành Firewall như Fortinet, PaloaltoCó chứng chỉ về Network như CCNA, CCNPCó kinh nghiệm nhiều về vận hành NetworkGiao tiếp cơ bản bằng tiếng anh (Toiec 450 hoặc tương đương)"
Nhân Viên Tester (Ba/ QC/ Tester),https://www.topcv.vn/viec-lam/nhan-vien-tester-ba-qc-tester/1279780.html?ta_source=ITJobs_LinkDetail,Công ty Cổ phần Công nghệ Tin học và Dịch vụ Goline,12 - 18 triệu,Hà Nội,Nhân viên,1 năm,Toàn thời gian,Không yêu cầu,"- Tốt nghiệp đại học chuyên ngành CNTT.
- Skills yêu cầu
+ Kinh nghiệm test ít nhất 1 năm
+ Có khả năng lên Testcase
+ Có khả năng test qua API
- Skill lợi thế
+ Ưu tiên đã từng triển khai dự án phần mềm chứng khoán, có kinh nghiệm về lĩnh vực chứng khoán
+ Có chứng chỉ ISTQB"
Android Developer (Junior) Thu Nhập 12-15 Triệu/ Tháng,https://www.topcv.vn/viec-lam/android-developer-junior-thu-nhap-12-15-trieu-thang/1283867.html?ta_source=ITJobs_LinkDetail,CÔNG TY TNHH NEKO SOFT,12 - 15 triệu,Hà Nội,Nhân viên,1 năm,Toàn thời gian,Không yêu cầu,"Tối thiểu 01 năm kinh nghiệm làm việc với Java Android.Có kinh nghiệm phát triển ứng dụng Android.Có kiến thức về Kotlin và làm việc với những công nghệ mới RxJava,...Có thể sử dụng thành thạo một số công cụ như SVN, Git,...Khả năng đọc hiểu tài liệu (Tiếng Việt/Tiếng Anh) phục vụ vị trí công việc.Khả năng làm việc độc lập, làm việc nhóm.Tinh thần trách nhiệm cao, có khả năng chịu được áp lực công việc.Yêu thích làm sản phẩm ứng dụng."
"Trưởng Bộ Phận Phụ Trách Ứng Dụng Công Nghệ, Phần Mềm Trong Doanh Nghiệp - Thu Nhập Hấp Dẫn Thoả Thuận Theo Năng Lực (TPHCM, Bình Dương)",https://www.topcv.vn/viec-lam/truong-bo-phan-phu-trach-ung-dung-cong-nghe-phan-mem-trong-doanh-nghiep-thu-nhap-hap-dan-thoa-thuan-theo-nang-luc-tphcm-binh-duong/1285414.html?ta_source=ITJobs_LinkDetail,CÔNG TY TNHH DU HỌC DU LỊCH THƯƠNG MẠI DỊCH VỤ Á ÂU,Thoả thuận,"Hồ Chí Minh, Bình Dương",Trưởng/Phó phòng,5 năm,Toàn thời gian,Nam,"- Kinh nghiệm: 05 năm kinh nghiệm ở vị trí tương đương trong lĩnh vực ứng dụng Công nghệ, phần mềm trong doanh nghiệp.- Độ tuổi: Từ 27 tuổi trở lên- Giới tính: Nam
- Kiến thức:
+ Hiểu biết về nền tảng Công nghệ thông tin
+ Hiểu biết về các quy trình phát triển phần mềm; Các công cụ quản trị dự án, môi trường phát triển ứng dụng, ngôn ngữ lập trình ứng dụng, cơ sở dữ liệu
+ Hiểu biết về các quy trình vận hành bảo trì các hệ thống CNTT; Các công cụ quản trị giám sát hệ thống CNTT."
"Nhân Viên Kỹ Thuật Truyền Hình Cáp- Không Yêu Cầu Kinh Nghiệm (TP. Thủ Đức-HCM, Bình Dương, Bình Phước)",https://www.topcv.vn/viec-lam/nhan-vien-ky-thuat-truyen-hinh-cap-khong-yeu-cau-kinh-nghiem-tp-thu-duc-hcm-binh-duong-binh-phuoc/1283964.html?ta_source=ITJobs_LinkDetail,CHI NHÁNH 4 - CÔNG TY TNHH TRUYỀN HÌNH CÁP SAIGONTOURIST,7 - 10 triệu,Bình Dương & 2 nơi khác,Nhân viên,Không yêu cầu kinh nghiệm,Toàn thời gian,Nam,"- Chiều cao : 1m60 trở lên- Yêu cầu giới tính : Nam- Độ tuổi : 25 - 35- Tốt nghiệp từ trung cấp trở lên
- Ngành nghề : Bưu chính viễn thông, Công nghệ thông tin, Điện/Điện tử/Điện lạnh, Điện tử viễn thông CHÚ Ý: Chỉ tuyển khoa- CNTT, Điện tử viễn thông, bưu chính viễn thông (không tuyển nghành khác)"
Chuyên Viên Phân Tích Nghiệp Vụ (Lương Từ 12.000.000 Đến 18.000.000đ/Tháng),https://www.topcv.vn/viec-lam/chuyen-vien-phan-tich-nghiep-vu-luong-tu-12-000-000-den-18-000-000d-thang/1275713.html?ta_source=ITJobs_LinkDetail,Công ty TNHH sản xuất và thương mại Ninh Thanh,12 - 18 triệu,Hà Nội,Nhân viên,2 năm,Toàn thời gian,Không yêu cầu,"Tốt nghiệp hệ chính quy các Trường Đại học trong nước hoặc nước ngoàiCó ít nhất 02 năm kinh nghiệm trong công việc phân tích nghiệp vụ, phát triển sản phẩm cho các Ngân hàng, Tổ chức Tài chính, Tập đoàn & Công ty về CNTT, Startup/FintechƯu tiên ứng viên có kinh nghiệm triển khai, quản lý dự ánCó kiến thức tổng quan, hiểu biết/kinh nghiệm và phương pháp làm việc Agile.Đã từng làm việc với các hệ thống quản lý định danh và truy cập (Oracle IAM, SailPoint...) là một lợi thế"
Flutter Developer (Salary Up To 40M),https://www.topcv.vn/viec-lam/flutter-developer-salary-up-to-40m/1279028.html?ta_source=ITJobs_LinkDetail,CÔNG TY CỔ PHẦN SYSTEMATIC FUNCTIONS,Tới 40 triệu,Hà Nội,Nhân viên,3 năm,Toàn thời gian,Không yêu cầu,"a, Kỹ năng chuyên môn ● Có ít nhất 3 năm kinh nghiệm về lập trình Mobile trong đó ít nhất 2 năm phát triển sản phẩm trên đa nền tảng Flutter. b, Về kiến thức ● Có kinh nghiệm phát triển ứng dụng đa nền tảng Flutter (ưu tiên các ứng viên có kinh nghiệm thuần Mobile). ● Có kinh nghiệm với GIT source control, Agile process. ● Hiểu biết về OOP, thiết kế hệ thống. Hiểu biết về cấu trúc dữ liệu giải thuật là lợi thế. ● Có kinh nghiệm về Firebase. ● Có hiểu biết về CI/CD. d, Kỹ năng khác ● Có kỹ năng giao tiếp hiệu quả, làm việc nhóm. ● Có khả năng đóng góp, xây dựng cải thiện UIUX."
Chuyên Viên Kiểm Thử Manual Tester (Lương Từ 10tr Đến 15tr/Tháng),https://www.topcv.vn/viec-lam/chuyen-vien-kiem-thu-manual-tester-luong-tu-10tr-den-15tr-thang/1275714.html?ta_source=ITJobs_LinkDetail,Công ty TNHH sản xuất và thương mại Ninh Thanh,10 - 15 triệu,Hà Nội,Nhân viên,2 năm,Toàn thời gian,Không yêu cầu,2 năm kinh nghiệm làm việc trong các dự án phát triển phầnCó kinh nghiệm trong việc xác định khi nào cần triển khai kiểm thử từ các yêu cầu chức năng và trong thử nghiệm trên nhiều trình duyệt / môi trườngCó kinh nghiệm sử dụng các công cụ và quy trình dùng trong kiểm thử phần mềm webCó kinh nghiệm làm việc trên các tiêu chuẩn và công nghệ web bao gồm cả việc tuân thủ khả năng truy cập
Nhân Viên Marketing Google Ads Tại Agency (Thu Nhập 10 - 20 Triệu),https://www.topcv.vn/viec-lam/nhan-vien-marketing-google-ads-tai-agency-thu-nhap-10-20-trieu/940589.html?ta_source=ITJobs_LinkDetail,CÔNG TY CỔ PHẦN ĐẦU TƯ QUỐC TẾ TOPTO HOLDING,10 - 20 triệu,Hà Nội,Nhân viên,2 năm,Toàn thời gian,Không yêu cầu,"Về chuyên môn:Có ít nhất 2 - 3 năm kinh nghiệm trong ngànhThành thạo các loại hình quảng cáo của Google. Trong đó bắt buộc nắm vững: Google Search, Google Remarketing, Google Shopping, GDN, Youtube AdsCó tính chủ động CAO. Khi làm việc không cần phải có người khác nhắc việcCó khả năng chịu được áp lực công việc và kỹ năng teamwork tốtCó thể viết mô tả về cấu trúc và nội dung các landingpage (các trang đích) quảng cáo cho Design hoặc bộ phận lập trình webCó khả năng chạy các chiến dịch chuyển đổi và cách setup chuyển đổiSử dụng thành thạo các công cụ nghiên cứu từ khóaƯu tiên ứng vên có khả năng tự xây dựng landingpage bằng wordpress hay các nền tảng tạo landingpage (được đào tạo nhưng cần nắm cơ bản)Sử dụng thuần thục các công cụ phân tích, thống kê để tối ưu hiệu quả chiến dịch quảng cáo: Google Ads, Google Analytics, Google Tag Manager.Hiểu rõ rõ cơ chế targeting, retargeting của Google và đề xuất kết hợp với các kênh thuộc nền tảng khácƯu tiên từng chạy ngân sách lớnAm hiểu về hành vi khách hàng.Có tư duy logic tốt.Giao tiếp tốt, chịu khó học hỏi cái mới.Có chứng nhận về năng lực sử dụng Google Ads (thi trên Skillshop)Có khả năng đọc hiểu tiếng Anh. Điểm TOEIC từ 450 (không bắt buộc) Về con người:Hướng đến kết quả và Sẵn sàng chịu trách nhiệmLà người sống TỬ TẾ, trung thựcKhả năng học hỏi nhanhBiết lắng nghe, chia sẻLuôn mong muốn phấn đấu và phát triển bản thân.Hồ sơ ứng tuyển gồm:Một số case hoặc chiến dịch đã tham gia triển khai có kết quả tốt (nếu có, có thể gửi thông tin sơ bộ nếu thông tin dự án không tiện tiết lộ chi tiết)Một số trang đích đã tham gia xây dựng (nếu có)"
Phó Phòng Phát Triển Đối Tác Mảng Fintech (Thu Nhập Hấp Dẫn),https://www.topcv.vn/viec-lam/pho-phong-phat-trien-doi-tac-mang-fintech-thu-nhap-hap-dan/1267767.html?ta_source=ITJobs_LinkDetail,Công ty cổ phần Công nghệ Sapo,Thoả thuận,Hà Nội,Trưởng/Phó phòng,Không yêu cầu kinh nghiệm,Toàn thời gian,Không yêu cầu,"Có tối thiểu 5 năm kinh nghiệm quản lý trong lĩnh vực tài chính, ưu tiên ứng viên đã làm việc tạicác ngân hàng TMCP, công ty fintech.Hiểu biết về hoạt động thương mại số và các nền tảng quản lý bán hàngTầm nhìn chiến lược tốt và kinh nghiệm quản lý team có quy mô nhân sự từ 5 người trởlên.Kỹ năng giao tiếp, đàm phán tốt, có kinh nghiệm làm partnership là một lợi thế.Tiếng Anh giao tiếp tương đương TOIEC từ 650 trở lênCó tư duy logic, phản biện và khả năng tập trung cao.Có tư duy đổi mới liên tục và thích ứng nhanh chóng với sự thay đổi trên thị trường."
Fullstack Developer Lương Upto 35 Triệu,https://www.topcv.vn/viec-lam/fullstack-developer-luong-upto-35-trieu/1250886.html?ta_source=ITJobs_LinkDetail,CÔNG TY CỔ PHẦN MIA RETAIL,Tới 35 triệu,Hồ Chí Minh,Nhân viên,4 năm,Toàn thời gian,Không yêu cầu,"- Hiểu biết về quy trình phát triển phần mềm - Có kinh nghiệm từ 4 năm về một hoặc nhiều công nghệ sau: + Backend: PHP, Nodejs, Typescript, Nestjs, Cloud (Plus Python) + Frontend: Reactjs, Vuejs, Nextjs - Có kinh nghiệm với DevOps, cơ sở hạ tầng đám mây AWS và các biện pháp bảo mật- Team work tốt và nhiệt tình học hỏi các kỹ năng/nền tảng mới.- Có khả năng phân tích yêu cầu, thiết kế được cấu trúc API, UI, UX là lợi thế - Có kinh nghiệm xử lý Big Data là một lợi thế lớn- Kiến thức chuyên môn về .Js và Python- 4 Năm kinh nghiệm lập trình"
"Embedded Android Developer (2 Yoe, C/C++)",https://www.topcv.vn/viec-lam/embedded-android-developer-2-yoe-c-c/1280406.html?ta_source=ITJobs_LinkDetail,"MARUSYS VINA CO.,LTD",Tới 50 triệu,Hà Nội,Nhân viên,2 năm,Toàn thời gian,Không yêu cầu,"EducationUniversity degree or above in Computer Science/Electronics/Industrial Engineering or equivalent.Working Experience and Knowledge[Mandatory] Have at least 2 years of experience in software development in C/C++[Mandatory] Have understanding and experience in Embedded Android/LinuxHave good knowledge of Object-Oriented Programming (OOP)and Design PatternsHave hands-on experience in using JIRA, SVN, GITExperiences related to multi-thread, multi-process programming (IPC)[Preferred] Knowledge about Android Platform, Related Product[Preferred] Have experience with STB product[Preferred] Have experience in Media Service (OTT), Android TV Input Framework (TIF)[Preferred] Experiences related to Open Source porting & development & customizingSkills and AbilitiesGood English skills in both verbal and writtenThorough, sincere, responsible, understanding mindsetStrong motivation to develop a career in automotive software and car automationActive communication internally and externallyGood ability in teamwork and working independentlyAbility to take business trip/ travel (e.g. Korea, UK, ect.)SupervisionPart Manager/ Team leader of Automotive team of MARUSYS VINAProject Manager in Korea"
Nhân Viên IT (PHP + JAVASCRIPT),https://www.topcv.vn/viec-lam/nhan-vien-it-php-javascript/1278024.html?ta_source=ITJobs_LinkDetail,CÔNG TY TNHH CHYANG SHENG VIỆT NAM,Thoả thuận,Bình Dương,Nhân viên,1 năm,Toàn thời gian,Nam,"- Có kiến thức cơ bản về lập trình WEB (PHP, JAVASCRIPT) để tạo trang web- Có kiến thức về các hệ quản trị cơ sở dữ liệu MARIADB- Trao đổi thêm khi phỏng vấn"
"Frontend Developer ( Vuejs Từ 2 Năm Kinh Nghiệm, Thành Thạo Javascript, Thu Nhập Lên Đến 30 Triệu Tại Hà Nội )",https://www.topcv.vn/viec-lam/frontend-developer-vuejs-tu-2-nam-kinh-nghiem-thanh-thao-javascript-thu-nhap-len-den-30-trieu-tai-ha-noi/1277173.html?ta_source=ITJobs_LinkDetail,CÔNG TY CỔ PHẦN DỊCH VỤ VÀ PHÁT TRIỂN CÔNG NGHỆ BEAE VIỆT NAM,18 - 30 triệu,Hà Nội,Nhân viên,2 năm,Toàn thời gian,Nam,"- Hiểu và sử dụng thành thạo framework Vuejs, kinh nghiệm tối thiểu 2 năm kinh nghiệm làm việc với các dự án.
- Thành thạo các ngôn ngữ như JavaScript, HTML, CSS và ít nhất một ngôn ngữ phía máy chủ (ví dụ: Nodejs, PHP, Go).
- Có kinh nghiệm với các framework backend như Nest JS, Laravel.
- Quen thuộc với các hệ thống cơ sở dữ liệu như MySQL, MongoDB hoặc SQL Server.
- Có kinh nghiệm kiểm soát mã nguồn như: Git, SVN, ...
- Có kinh nghiệm với Security Audit (không bắt buộc).
- Làm việc nhóm, giao tiếp tốt và có trách nhiệm cao.
- Sẵn sàng học hỏi các công nghệ mới."
Kỹ Sư An Ninh Mạng Lương Từ 40 Triệu / Tháng,https://www.topcv.vn/viec-lam/ky-su-an-ninh-mang-luong-tu-40-trieu-thang/1026763.html?ta_source=ITJobs_LinkDetail,Công ty TNHH sản xuất và thương mại Ninh Thanh,Trên 40 triệu,Hà Nội,Nhân viên,2 năm,Toàn thời gian,Nam,"- Kinh nghiệm hơn 2 năm về an toàn thông tin, kiểm thử bảo mật, tìm kiếm lỗ hổng.- Có một trong các chứng chỉ bảo mật sau sẽ là một lợi thế: OSCP, OSWE, CEH, AWS- Có kiến thức, kinh nhiệm penetration test ứng dụng web, mobile, desktop app- Có khả năng đọc hiểu các ngôn ngữ lập trình: Java, .Net, Node js- Hiểu về kiến trúc ứng dụng, hệ thống.- Hiểu, nắm rõ các tiêu chuẩn ANTT ứng dụng, tiêu chuẩn ANTT cho lĩnh vực Ngân hàng, tài chính.- Hiểu về các giải pháp ANTT ứng dụng như web application firewall, API security"
Kỹ Sư Phát Triển Phần Mềm Nhúng (Ngôn Ngữ Lập Trình C/C++) - Lương Từ $650 - $2200++,https://www.topcv.vn/brand/congnghiepvienthongquandoi/tuyen-dung/ky-su-phat-trien-phan-mem-nhung-ngon-ngu-lap-trinh-c-c-luong-tu-650-2200-j1269217.html?ta_source=ITJobs_LinkDetail,TẬP ĐOÀN CÔNG NGHIỆP - VIỄN THÔNG QUÂN ĐỘI,"650 - 2,200 USD","Hà Nội, Hồ Chí Minh",Nhân viên,1 năm,Toàn thời gian,Không yêu cầu,"- Tốt nghiệp Đại học chính quy loại Khá trở lên chuyên ngành: Công nghệ thông tin, Điện tử viễn thông,...hoặc các chuyên ngành kỹ thuật khác liên quan.- Trình độ tiếng Anh tương đương tối thiểu 550 điểm Toeic.- Có tối thiểu 02 năm kinh nghiệm liên quan đến vị trí ứng tuyển.- Có kiến thức nền tảng về kỹ thuật vi xử lý và kỹ thuật điện tử (điện tử tương tự, điện tử số, mạch logic...), kiến trúc máy tính, hệ điều hành, kỹ thuật lập trình.- Sử dụng tốt ít nhất 01 công cụ lập trình nhúng cho vi điều khiển, vi xử lý cao cấp (ARM, DSP, ASIC).- Sử dụng tốt ngôn ngữ lập trình C/C++. - Có kinh nghiệm làm việc trên hệ điều hành Linux.- Có kinh nghiệm lập trình ngoại vi, giao tiếp bộ nhớ, giao tiếp số (UART/SPI/I2C/CAN...)."
Lập Trình Viên Back-End (NestJS),https://www.topcv.vn/viec-lam/lap-trinh-vien-back-end-nestjs/1278060.html?ta_source=ITJobs_LinkDetail,Công ty TNHH The Human,20 - 30 triệu,Hà Nội,Nhân viên,2 năm,Toàn thời gian,Không yêu cầu,- Kinh nghiệm ít nhất 2 năm với NestJS.- Hiểu biết về Node.js và các framework liên quan.- Kỹ năng làm việc nhóm tốt.- Kinh nghiệm với cơ sở dữ liệu SQL và NoSQL.- Kỹ năng giao tiếp và làm việc nhóm tốt.- Ưu tiên có kinh nghiệm với các dự án về logistic hoặc hệ thống quản lý chuỗi cung ứng.
IT Data Architect,https://www.topcv.vn/viec-lam/it-data-architect/1251660.html?ta_source=ITJobs_LinkDetail,Công Ty TNHH LG CNS VIỆT NAM,Thoả thuận,Hà Nội,Nhân viên,Trên 5 năm,Toàn thời gian,Không yêu cầu,"Có kinh nghiệm liên quan đến các công việc sau• Quản trị dữ liệu (data standards/meta, Er-model, big data/DW model, distributed model,, v.v.)• Triển khai DBMS (Oracle, MySQL series, MS SQL, DB2, v.v. RDBMS)• Triển khai NoSQL (Key Column Type, Document Type, Time Series Type, v.v.)• Triển khai xử lý và lưu trữ dữ liệu trên public cloud hoặc big data platform (RDS, Redshift, BigQuery, v.v.)• Giao tiếp tiếng Anh trung bình (có khả năng thực hiện công việc bằng tiếng Anh)[Ưu tiên]• Tính cách chủ động trong công việc, hòa đồng với đồng nghiệp• Giao tiếp tiếng Hàn"
DEV Unity - Senior Fulltime Lương Đến 40 Triệu,https://www.topcv.vn/viec-lam/dev-unity-senior-fulltime-luong-den-40-trieu/1282022.html?ta_source=ITJobs_LinkDetail,CÔNG TY TNHH NTADA,Tới 40 triệu,Hồ Chí Minh,Nhân viên,4 năm,Toàn thời gian,Không yêu cầu,"Tối thiểu 4 năm kinh nghiệm trong mảng Dev Unity.
Có kinh nghiệm sử dụng Cocos là một điểm cộng.
Có kinh nghiệm xử lý những công việc liên quan Backend, Database.
Có kinh nghiệm phát triển nhiều thể loại các tựa game hyper, casual, hybrid, mid.
Tư duy logic, khả năng nghiên cứu công nghệ tốt.
Làm việc đạt đúng tiến độ, chỉ tiêu được bàn giao, tinh thần trách nhiệm làm việc độc lập cao.
Có khả năng chịu áp lực cao trong công việc.
Làm OT khi công ty yêu cầu đẩy nhanh tiến độ công việc."
Kỹ Sư Lập Trình PLC,https://www.topcv.vn/viec-lam/ky-su-lap-trinh-plc/1271281.html?ta_source=ITJobs_LinkDetail,Công ty TNHH hệ thống Saishunkan Việt Nam,Tới 20 triệu,Hà Nội,Nhân viên,Không yêu cầu kinh nghiệm,Toàn thời gian,Không yêu cầu,"- Tốt nghiệp cao đẳng, Đại học chuyên ngành Tự động hoá/ Điện tử. - Có kinh nghiệm trong việc lập trình PLC - Có khả năng đọc hiểu tài liệu kỹ thuật ( datasheet, technical documentation v.v..) - Có khả năng đọc hiểu tài liệu yêu cầu bằng tiếng Anh  - Hiểu biết về Ethernet TCP/IP, EtherNet/IP - Có kỹ năng làm việc theo nhóm, chịu được áp lực trong công việc và tinh thần trách nhiệm cao. - Có thể giải quyết vấn đề độc lập, kỹ năng phân tích yêu cầu và đưa ra giải pháp để giải quyết các vấn đề khó khăn trong công việc. - Sẵn sàng đi công tác Nhật ngắn hạn, dài hạn theo yêu cầu dự án"
Backend Developer (PHP),https://www.topcv.vn/viec-lam/backend-developer-php/1278296.html?ta_source=ITJobs_LinkDetail,Lampart,Thoả thuận,Hồ Chí Minh,Nhân viên,2 năm,Toàn thời gian,Không yêu cầu,"• Vui lòng chú ý kiểm tra Inbox và cả Spam mail để nhận phản hồi từ Lampart nhé.• Ứng viên vui lòng cập nhật và gửi 2 CV (Tiếng Anh và Tiếng Việt) để được xử lý nhanh chóng.Yêu cầu kỹ thuật:Tốt nghiệp các ngành Khoa học máy tính, công nghệ thông tin, ...Kinh nghiệm 1 - 5 năm (tuỳ theo level) trong việc phát triển ứng dụng web, lập trình back end bằng ngôn ngữ PHP.· Framework Lavarel, CodeIgniter, CakePHP, Zend, ...· JavaScript và JS Frameworks (jQuery, AngularJS, Vuejs...).· MySQL và thiết kế Database.Yêu cầu khác:Tích cực, chủ động chia sẻ ý kiến, suy nghĩ của bản thân.Kỹ năng làm việc nhóm và giao tiếp tốt.Kỹ năng quản lý thời gian.Kỹ năng giải quyết vấn đề.Lợi thế:Có kinh nghiệm về phát triển ứng dụng di động là một lợi thế.Từng làm việc hoặc yêu thích môi trường Nhật Bản là một điểm cộng.Kỹ năng tạo & tổng hợp báo cáo tốt.Kỹ năng tiếp cận và học hỏi công nghệ mới nhanh chóng.Kiên trì, không từ bỏ khi gặp khó khăn – “Không gì là không thể”."
Chuyên Viên Kiểm Thử Phần Mềm,https://www.topcv.vn/viec-lam/chuyen-vien-kiem-thu-phan-mem/1285861.html?ta_source=ITJobs_LinkDetail,TỔNG CÔNG TY BƯU ĐIỆN VIỆT NAM,Thoả thuận,Hà Nội,Nhân viên,1 năm,Toàn thời gian,Không yêu cầu,"- Độ tuổi dưới 30- Tốt nghiệp Đại học chuyên ngành CNTT, Tin học quản lý, Hệ thống thông tin- Có kinh nghiệm kiểm thử phần mềm từ 1 năm trở lên.- Có kỹ năng viết kịch bản kiểm thử, thực hiện kiểm thử, lập kế hoạch và ước lượng thời gian kiểm thử, log lỗi, lập báo cáo kiểm thử.- Có kỹ năng làm việc độc lập và làm việc theo nhóm tốt.- Có thể làm việc với cơ sở dữ liệu như MySQL, Oracle, SQL Server...- Có kinh nghiệm test API, Database, Web, Mobile.- Có hiểu biết về các giai đoạn kiểm thử (Unit Test, Integration Test, System Test v.v...), và các kỹ thuật kiểm thử phần mềm.- Có khả năng thu thập, phân tích, tổng hợp thông tin."
Lập Trình Viên,https://www.topcv.vn/viec-lam/lap-trinh-vien/1286558.html?ta_source=ITJobs_LinkDetail,Công ty Cổ phần Navee,Thoả thuận,Hồ Chí Minh,Nhân viên,2 năm,Toàn thời gian,Không yêu cầu,"Kinh nghiệm: 2 nămKhả năng học hỏi nhanh và sẵn sàng tiếp thu các kiến thức, khái niệm mới, khả năng giải quyết vấn đề nhanh trong phạm vi công việc được giaoKiến thức chuyên sâu về lập trình web/app, thông thạo một số ngôn ngữ lập trình phổ biến: C#/.Net, Java, ABAPAm hiểu hệ quản trị cơ sở dữ liệu: MS SQL/Azure, Oracle, DBA Tuning...Kỹ năng về an toàn bảo mậtKỹ năng làm việc với dataKỹ năng thuyết trình"
AI Engineer/ GPTs (Python),https://www.topcv.vn/viec-lam/ai-engineer-gpts-python/1286669.html?ta_source=ITJobs_LinkDetail,"C-UNIT SQUARE CO., LTD",Thoả thuận,Hồ Chí Minh,,,,,
Chuyên Viên IT,https://www.topcv.vn/viec-lam/chuyen-vien-it/1285636.html?ta_source=ITJobs_LinkDetail,CÔNG TY CỔ PHẦN AN VIỆT SÔNG HỒNG,9 - 13 triệu,Hồ Chí Minh,,,,,
Intern Project Manager,https://www.topcv.vn/viec-lam/intern-project-manager/1286890.html?ta_source=ITJobs_LinkDetail,POWERGATE AUSTRALIA (CÔNG TY CỔ PHẦN TẬP ĐOÀN POWERGATE),Thoả thuận,Hà Nội,Thực tập sinh,Không yêu cầu kinh nghiệm,Thực tập,Không yêu cầu,"● Có định hướng gắn bó lâu dài với PM.● Kỹ năng giao tiếp Tiếng Anh thành thạo (Tương đương IELTS 6.5 trở lên)● Linh hoạt, vui vẻ hòa, đồng và xây dựng được mối quan hệ tôt với tất cả các thành viên trong team. ● Tỉ mỉ, cẩn thận, có kỹ năng tổ chức, làm việc tốt dưới áp lực và deadline, có khả năng quản lý đồng thời nhiều dự án. ● Kỹ năng giao tiếp tốt ● Có khả năng lãnh đạo, sắp xếp thứ tự ưu tiên công việc, mạnh về giao tiếp, theo dõi tiến độ dự án rõ ràng và quản lý trải nghiệm khách hàng."
Chuyên Viên NOC,https://www.topcv.vn/viec-lam/chuyen-vien-noc/1286842.html?ta_source=ITJobs_LinkDetail,FPT Software,12 - 17 triệu,Hà Nội,,,,,
Trợ Lý Giám Đốc (Biết Tiếng Nhật),https://www.topcv.vn/viec-lam/tro-ly-giam-doc-biet-tieng-nhat/1286246.html?ta_source=ITJobs_LinkDetail,Công ty Cổ phần VTI,Tới 17 triệu,Hà Nội,,,,,
Junior Manual Tester,https://www.topcv.vn/viec-lam/junior-manual-tester/1286382.html?ta_source=ITJobs_LinkDetail,CÔNG TY CỔ PHẦN ĐẦU TƯ NGHIÊN CỨU PHÁT TRIỂN CÔNG NGHỆ CAO NAMI CORP,8 - 15 triệu,Hồ Chí Minh,Nhân viên,Dưới 1 năm,Toàn thời gian,Không yêu cầu,"At least 6 months of experience in manual testing (Web/App).Excellent knowledge of testing methodologies: Integration Testing, System Testing, Acceptance testing,...Experience in designing test case techniques (Equivalence Partitioning, Boundary Value Analysis, Decision Table Testing, State Transition Diagram, Use Case Testing,...)Ability to thoroughly test features from the requirements analysis stage, test case development to regression testing.Have a good experience in API testing & using API testing tools like Postman, Swagger,...Have expert knowledge of bug logging, bug status tracking using tracking tools (e.g. Clickup, Jira,..).Be proactive and able to work independently, have good communication skills, and good teamwork.Strong analytical skills, creative and critical thinking ability, and problem-solving skills.Ability to effectively self-manage time and individually prioritize multiple tasks of competing priority.Being able to work under pressure, deadlines."
UI/UX Designer,https://www.topcv.vn/viec-lam/ui-ux-designer/1282908.html?ta_source=ITJobs_LinkDetail,Công ty Cổ phần Tư vấn DataHouse Asia,Thoả thuận,"Bình Dương, Hồ Chí Minh",,,,,
Lập Trình Viên Fullstack,https://www.topcv.vn/viec-lam/lap-trinh-vien-fullstack/1286854.html?ta_source=ITJobs_LinkDetail,CÔNG TY CỔ PHẦN PHÁT TRIỂN HÙNG HẬU,16 - 25 triệu,Hồ Chí Minh,,,,,
Developer,https://www.topcv.vn/viec-lam/developer/1286502.html?ta_source=ITJobs_LinkDetail,CÔNG TY TNHH THƯƠNG MẠI VÀ DỊCH VỤ VIỄN ĐẠT,Thoả thuận,Hà Nội,Nhân viên,2 năm,Toàn thời gian,Không yêu cầu,"Tốt nghiệm Đại học, Cao đẳng các ngành CNTT, Lập trình viên, Công nghệ phần mềm.Có tư duy logic tốt và kỹ năng lập trình hướng đối tượng (OOP)Tiếng anh giao tiếp cơ bản, đọc hiểu tài liệu tiếng anh,Có ít nhất 02 năm kinh nghiệm về .Net Framework, Net Core, SQL,...Sử dụng thành thạo github/gitlab"
Lập Trình Viên .Net API,https://www.topcv.vn/viec-lam/lap-trinh-vien-net-api/1164318.html?ta_source=ITJobs_LinkDetail,Công Ty Cổ Phần VCCorp,12 - 25 triệu,Hà Nội,,,,,
HR Assistant,https://www.topcv.vn/viec-lam/hr-assistant/1286650.html?ta_source=ITJobs_LinkDetail,CÔNG TY TNHH INIPOD,Thoả thuận,Hồ Chí Minh,,,,,
"Business Analyst (CRM, ERP, Chatbot...)",https://www.topcv.vn/viec-lam/business-analyst-crm-erp-chatbot/1243653.html?ta_source=ITJobs_LinkDetail,Công Ty Cổ Phần VCCorp,15 - 25 triệu,Hà Nội,Nhân viên,Không yêu cầu kinh nghiệm,Toàn thời gian,Không yêu cầu,"Chủ động trong công việc, tính tự giác cao, tinh thần làm việc hăng hái, tích cựcTốt nghiệp ĐH chuyên ngành CNTT hoặc Kinh tế, Quản trị kinh doanh hoặc liên quan Công nghệ thông tin...Có từ 2 năm kinh nghiệm trở lên trong vai trò làm BA phần mềm. Ưu tiên các ứng viên có kinh nghiệm làm việc trong các dự án phát triển phần mềm như CRM, ERP,...Có kiến thức về các phần mềm quản lý như Crm, phần mềm bán hàng, phần mềm quản lý kho...Hiểu rõ quy trình phát triển phần mềm.Giao tiếp tốt, nắm bắt vấn đề nhanh, khả năng tự học hỏi tốt.Có khả năng thu thập, tổng hợp, đánh giá, phân tích thông tin.Có khả năng viết tài liệu, đào tạo và thuyết trình.Hiểu biết use case, biết vẽ sơ đồ workflow, vẽ wireframe/mockup screen;Cẩn thận, trách nhiệm trong công việc."
Marketing Intern,https://www.topcv.vn/viec-lam/marketing-intern/1286774.html?ta_source=ITJobs_LinkDetail,CÔNG TY TNHH GOW AI TECHNOLOGY,Thoả thuận,Hồ Chí Minh,,,,,
"Nhân Viên Quản Trị, Thiết Kế Website",https://www.topcv.vn/viec-lam/nhan-vien-quan-tri-thiet-ke-website/1286449.html?ta_source=ITJobs_LinkDetail,APEC GLOBAL,7 - 9 triệu,Hồ Chí Minh,,,,,
Nhân Viên Lập Trình Website FE,https://www.topcv.vn/viec-lam/nhan-vien-lap-trinh-website-fe/1286189.html?ta_source=ITJobs_LinkDetail,Công ty Cổ phần Đầu tư Thương mại Bách Tường Phát,11 - 13 triệu,Hà Nội,Nhân viên,1 năm,Toàn thời gian,Không yêu cầu,"Thành thạo về Front-End (HTML5, CSS3, Javascript, JSON, jQuery, Bootstrap, Tailwin, Javascript framework)Có trên 1 năm kinh nghiệm với Vuejs hoặc ReactjsCó kinh nghiệm làm việc với Back-End (RESTful API)Hiểu rõ về Git và đã có kinh nghiệm sử dụng GitNắm rõ quá trình phát triển phần mềm/websiteCó kiến thức căn bản về UI/UXCó kiến thức căn bản về Responsive Design, Design PattentSử dụng được các công cụ Design (Photoshop, Figma,...)Hiểu rõ về lập trình hướng đối tượng, kiến trúc MVC, HMVCSẵn sàng học và thích nghi với các công nghệ và cách làm mớiChủ động, có tinh thần trách nhiệm với công việc được giaoCó kinh nghiệm lập trình RESTful API là lợi thế."
Lập Trình Viên PHP,https://www.topcv.vn/viec-lam/lap-trinh-vien-php/1243140.html?ta_source=ITJobs_LinkDetail,CÔNG TY TNHH ZINZA TECHNOLOGY,15 - 30 triệu,Hà Nội,,,,,
Lập Trình Viên JavaScript,https://www.topcv.vn/viec-lam/lap-trinh-vien-javascript/1286082.html?ta_source=ITJobs_LinkDetail,CÔNG TY TNHH ZINZA TECHNOLOGY,12 - 25 triệu,Hà Nội,,,,,
Data Engineer,https://www.topcv.vn/viec-lam/data-engineer/1242890.html?ta_source=ITJobs_LinkDetail,Công ty TNHH Thu phí tự động VETC,Tới 900 USD,Hồ Chí Minh,Nhân viên,2 năm,Toàn thời gian,Không yêu cầu,"Bachelor's degree in computer science, Information Technology, or a related field.Strong understanding of data engineering concepts and principles.Knowledge of programming languages (Python, Java, Scala). Preferred Python.Familiarity with distributed data processing (Spark, Dask). Preferred Apache Spark.Basic understanding of cloud platforms (AWS, GCP, Azure). Preferred Google Cloud Platform (GCP).Strong analytical and problem-solving skills.Communication and teamwork abilities.Understanding of version control systems (Git)"
Java Developer (Junior),https://www.topcv.vn/viec-lam/java-developer-junior/920178.html?ta_source=ITJobs_LinkDetail,CÔNG TY CỔ PHẦN CÔNG NGHỆ SOPEN VIỆT NAM,15 - 30 triệu,Hà Nội,,,,,
Business Analyst (Ba),https://www.topcv.vn/viec-lam/business-analyst-ba/1100571.html?ta_source=ITJobs_LinkDetail,CÔNG TY CỔ PHẦN CÔNG NGHỆ SOPEN VIỆT NAM,Thoả thuận,Hà Nội,,,,,
IT Business Analyst (IT BA),https://www.topcv.vn/viec-lam/it-business-analyst-it-ba/1286708.html?ta_source=ITJobs_LinkDetail,CÔNG TY CỔ PHẦN METUB VIỆT NAM,21 - 26 triệu,Hà Nội,Nhân viên,3 năm,Toàn thời gian,Không yêu cầu,"• Bằng cấp đại học trong lĩnh vực Công nghệ Thông tin, Kinh doanh, Quản lý Hệ thống Thông tin, hoặc lĩnh vực liên quan.
• Ít nhất 3 năm kinh nghiệm làm việc trong vai trò Phân tích Kinh doanh hoặc Phân tích Hệ thống trong môi trường IT.
• Kỹ năng giao tiếp và phân tích mạnh mẽ, khả năng làm việc với cả đội ngũ kỹ thuật và các bên liên quan kinh doanh.
• Hiểu biết vững chắc về quy trình phát triển phần mềm và phương pháp luận Agile.
• Kinh nghiệm làm việc với các công cụ phân tích và quản lý dự án như JIRA, Confluence, hoặc tương đương.
• Khả năng đọc hiểu và tạo tài liệu kỹ thuật, yêu cầu dự án và tài liệu quy trình làm việc.
• Tiếng Anh đọc, viết tốt."
.Net Developer,https://www.topcv.vn/viec-lam/net-developer/1177690.html?ta_source=ITJobs_LinkDetail,FPT Information System,Thoả thuận,Hồ Chí Minh,,,,,
Mobile Developer,https://www.topcv.vn/viec-lam/mobile-developer/1286646.html?ta_source=ITJobs_LinkDetail,Công Ty Cổ Phần Đầu Tư Thương Mại Và Phát Triển Công Nghệ FSI,19 - 23 triệu,Hà Nội,Nhân viên,2 năm,Toàn thời gian,Không yêu cầu,"II. YÊU CẦU ỨNG VIÊN 1. Tốt nghiệp Đại học chuyên ngành Công nghệ thông tin/ Kỹ thuật máy tính 2. Có kinh nghiệm lập trình trên 2 năm 3. Yêu cầu về kỹ năng chuyên môn bắt buộc - Dart, Flutter: Sử dụng thành thạo - Appstore và playstore: Có kinh nghiệm triển khai - Có am hiểu về design, thẩm mỹ và tư duy sản phẩm, hiểu nghiệp vụ của sản phẩm - Có kiến thức/đã làm việc về Clean Architure, MVC, MVVM, State Management 4. Yêu cầu về kỹ năng chuyên môn bổ sung - Có kiến thức/đã làm việc về giao tiếp với native - Có kiến thức/đã làm việc về tối ưu ứng dụng (multithread,...) - Có kiến thức/đã làm việc tương tác với phần cứng (camera, mic,...), điểm cộng nếu đã làm với BlueTooth 5. Tính cách - Tinh thần chủ động cầu tiến, làm việc biết trình bày kết quả - Có tinh thần trách nhiệm với công việc cao - Hòa đồng và sẵn sàng hỗ trợ đồng nghiệp"
Junior Fontend Developer,https://www.topcv.vn/viec-lam/junior-fontend-developer/1286657.html?ta_source=ITJobs_LinkDetail,Công Ty Cổ Phần Đầu Tư Thương Mại Và Phát Triển Công Nghệ FSI,14 - 20 triệu,Hà Nội,,,,,
Nhân Viên IT Support - Không Yêu Cầu Kinh Nghiệm,https://www.topcv.vn/viec-lam/nhan-vien-it-support-khong-yeu-cau-kinh-nghiem/819811.html?ta_source=ITJobs_LinkDetail,CÔNG TY CỔ PHẦN GIÁO DỤC STEMHOUSE,Trên 7 triệu,Hồ Chí Minh,Nhân viên,Không yêu cầu kinh nghiệm,Toàn thời gian,Không yêu cầu,"- Tốt nghiệp chuyên nghành công nghệ thông tin; chuyên ngành quản trị mạng, am hiểu về hệ thống mạng nội bộ.
- Có các văn bằng, chứng chỉ liên quan đến chuyên ngành quản trị mạng
- Chăm chỉ, nhiệt tình Với công việc
- Nhanh nhẹn, nhạy bén trong việc nhận và xử lý thông tin; - Năng động, sáng tạo, nhiệt tình, ham học hỏi.- Ứng viên biết google workspace và code là một lợi thế."
AI Engineer - Computer Vision,https://www.topcv.vn/viec-lam/ai-engineer-computer-vision/1286398.html?ta_source=ITJobs_LinkDetail,CÔNG TY CỔ PHẦN TRUYỀN THÔNG VÀ GIẢI TRÍ HG MEDIA,12 - 20 triệu,Hà Nội,,,,,
Data Engineer (AWS),https://www.topcv.vn/viec-lam/data-engineer-aws/1223231.html?ta_source=ITJobs_LinkDetail,CÔNG TY TNHH AMARIS VIỆT NAM,Thoả thuận,Hồ Chí Minh,Nhân viên,2 năm,Toàn thời gian,Không yêu cầu,"ABOUT YOUBachelor or College degree in Information Technology or equivalent practical work experience2+ years of experience in relevant roleStrong in ETL Batch Processing and streaming data tools such as Glue (all components), Lambda, SSIS, Informatica, PySparkStrong knowledge in application data architecture, data design patterns such as Data Lake, Data Warehouse, N3PGood knowledge of SQL and NO SQL Data such as Oracle, Postgres, SQL Server, DynamoDB, and In Memory Database.Good knowledge of life cycle of application developments.Good knowledge in DevOps tools and practices (source control, build, CI...).Analytical thinkingGood interpersonal and communication skillsTime management and planning skill"
IT Support,https://www.topcv.vn/viec-lam/it-support/598094.html?ta_source=ITJobs_LinkDetail,bePOS,Tới 11 triệu,Hồ Chí Minh,,,,,
Technical Leader,https://www.topcv.vn/viec-lam/technical-leader/1286616.html?ta_source=ITJobs_LinkDetail,EM&AI,Thoả thuận,Đà Nẵng,Nhân viên,Trên 5 năm,Toàn thời gian,Không yêu cầu,"- Proven experience as a Technical leader similar leadership role
- Knowledge of technological trends to build the strategy
- Understanding of budgets and business-planning
- Ability to conduct technological analyses and research
- Excellent communication skills
- Leadership and organizational abilities
- Strategic thinking
- Problem-solving aptitude
- BSc/BA in Computer Science, Engineering, or a related field; MBA or other relevant graduate degree is a plus"
Senior DevOps Engineers,https://www.topcv.vn/viec-lam/senior-devops-engineers/1286591.html?ta_source=ITJobs_LinkDetail,EM&AI,Trên 30 triệu,Đà Nẵng,,,,,
Nhân Viên Lắp Đặt Camera - Điện Nhẹ,https://www.topcv.vn/viec-lam/nhan-vien-lap-dat-camera-dien-nhe/1059822.html?ta_source=ITJobs_LinkDetail,CÔNG TY TNHH TƯỜNG QUANG PHÁT,8 - 12 triệu,Hà Nội,Nhân viên,1 năm,Toàn thời gian,Nam,"- Ưu tiên có kinh nghiệm về thi công và bảo trì hệ thống điện nhẹ, thi công hệ thống camera an ninh giám sát, thi công lắp đặt wifi, mạng lan, tel, tổng đài...- Thật thà, trung thực, chủ động trong công việc- Tốt nghiệp Trung cấp trở lên chuyên ngành kỹ thuật, điện, điện tử, CNTT....- Nam: Tuổi từ 18 - 35, sức khỏe tốt- Tinh thần trách nhiệm, cẩn thận, nhiệt tình"
Back-End Developer (Node.JS/ JavaScript),https://www.topcv.vn/viec-lam/back-end-developer-node-js-javascript/1286570.html?ta_source=ITJobs_LinkDetail,EM&AI,Trên 30 triệu,Đà Nẵng,,,,,
Fullstack Developer,https://www.topcv.vn/viec-lam/fullstack-developer/1051499.html?ta_source=ITJobs_LinkDetail,CÔNG TY CỔ PHẦN ICORP,15 - 35 triệu,Hà Nội,Nhân viên,2 năm,Toàn thời gian,Nam,"- Có laptop cá nhân để làm việc.- Kinh nghiệm tối thiểu 02 năm ở vị trí tương đương.- Thành thạo quy trình phát triển phần mềm, từ tiếp nhận yêu cầu, lựa chọn công cụ, ngôn ngữ, thiết kế CSDL, xây dựng frontend, backend, triển khai lên hệ thống server thật.- Thành thạo ngôn ngữ lập trình Javascript, CSS, HTML và một framework xây dựng frontend như ReactJS hoặc Angular, biết cách xây dựng website responsive chạy trên mobile.- Thành thạo một framework xây dựng backend như NodeJS Express, ngôn ngữ SQL, biết cách sử dụng ORM và vận hành hệ quản trị CSDL như MySQL hoặc Postgres.- Biết sử dụng các API và thiết kế API để tương tác với các dịch vụ của khách hàng.- Biết đọc tài liệu bằng tiếng anh.- Biết phát triển ứng dụng mobile (ReactNative) là một lợi thế.- Có tinh thần trách nhiệm cao trong công việc, thái độ cầu tiến, ham học hỏi"
Trưởng Phòng Kỹ Thuật - IT,https://www.topcv.vn/viec-lam/truong-phong-ky-thuat-it/1051484.html?ta_source=ITJobs_LinkDetail,CÔNG TY CỔ PHẦN ICORP,Trên 25 triệu,Hà Nội,,,,,
Product Designer,https://www.topcv.vn/viec-lam/product-designer/1216105.html?ta_source=ITJobs_LinkDetail,Công ty cổ phần Công nghệ Sapo,22 - 28 triệu,Hà Nội,Nhân viên,3 năm,Toàn thời gian,Không yêu cầu,"Có ít nhất 2 năm kinh nghiệm về thiết kế sản phẩm;Yêu thích công việc phát triển sản phẩm; Kỹ năng sử dụng các công cụ thiết kế như Figma, PTS ,AI , vv.Ứng viên có hiểu biết về Sản phẩm SaaS, CX, Design thinking, HTML/CSS là một lợi thế. Khả năng giao tiếp mạnh mẽ và tương tác hiệu quả với các bộ phận khác trong công ty.Sẵn sàng tham gia vào quá trình đổi mới và phát triển liên tục. Hiểu biết UX Foundation để đảm bảo rằng mọi khía cạnh của sản phẩm được thiết kế và tối ưu hóa dựa trên thông tin thực tế từ nghiên cứu người dùng và testing thực tế."
Chuyên Viên SEO (Search Engine Optimization),https://www.topcv.vn/viec-lam/chuyen-vien-seo-search-engine-optimization/1156510.html?ta_source=ITJobs_LinkDetail,CÔNG TY CỔ PHẦN TIN HOLDINGS,9 - 13 triệu,Hồ Chí Minh,,,,,
Trưởng Nhóm SEO Website (SEO Leader),https://www.topcv.vn/viec-lam/truong-nhom-seo-website-seo-leader/1185276.html?ta_source=ITJobs_LinkDetail,CÔNG TY CỔ PHẦN TIN HOLDINGS,12 - 16 triệu,Hồ Chí Minh,Trưởng nhóm,1 năm,Toàn thời gian,Không yêu cầu,"Bằng cấp: Tốt nghiệp Cao đẳng, Đại học trở lênChuyên ngành: Ngành marketing, báo chí, truyền thông, brand Marketing... các ngành hoặc được học các chứng chỉ liên quan và có đam mê với SEO, Digital MarketingGiá trị hướng đến: Thân thiện, vui vẻ, tử tế, chuyên nghiệpKinh nghiệm: Tối thiểu 01 năm kinh nghiệm ở vị trí tương đương hoặc 03 năm ở vị trí Chuyên viên SEOKhác:Có tinh thần cầu tiến, chủ động và quyết tâm đạt được mục tiêuKhả năng tư duy phân tích, phản biện, giải quyết vấn đề tốt.Có kỹ năng lãnh đạo và khả năng xây dựng đội nhóm hiệu quảCó khả năng hướng dẫn và đào tạo nhân viênCó khả năng lập kế hoạch hành động, chiến thuật ngắn hạn để đạt mục tiêu.Có tính tuân thủ, kỷ luật caoCó tinh thần quyết liệt cải tiến và quản lý sự thay đổi tốtCó thể thích ứng nhanh và làm việc hiệu quả trong môi trường doanh nghiệp sốKỹ năng xây dựng nội dung tốt, vốn từ phong phú, linh hoạt, biết nắm bắt xu hướng nội dung mớiSử dụng thành thạo các công cụ Marketing cơ bản: Webmastertool, Analytics, Ahrefs, Keywords tool, Serprobot,...Ưu tiên ứng viên có khả năng thiết kế và xây dựng WebsiteSử dụng thành thạo công cụ MS OfficeBiết sử dụng Photoshop, Canva... để chỉnh sửa hình ảnh"
Android Developer (Junior/Middle),https://www.topcv.vn/viec-lam/android-developer-junior-middle/1286164.html?ta_source=ITJobs_LinkDetail,CÔNG TY TNHH AMARIS VIỆT NAM,Thoả thuận,Hà Nội,,,,,
Project Manager (Software Testing),https://www.topcv.vn/viec-lam/project-manager-software-testing/1286434.html?ta_source=ITJobs_LinkDetail,"INFINIQ Vietnam Co.,ltd",Thoả thuận,Hà Nội,Trưởng/Phó phòng,Không yêu cầu kinh nghiệm,Toàn thời gian,Không yêu cầu,"Have over 10 years experience in project managementHave at least 6 years experience in S/W Testing Excellent leadership skills, able to communicate at all levels internally/externallyHave a deeply understanding of Korean corporate cultureStrong communication and presentation skills in English"
Nhân Viên Vận Hành Sàn Thương Mại Điện Tử,https://www.topcv.vn/viec-lam/nhan-vien-van-hanh-san-thuong-mai-dien-tu/1285002.html?ta_source=ITJobs_LinkDetail,CÔNG TY TNHH FITMED,Thoả thuận,Hồ Chí Minh,,,,,
Data Engineer (ETL) - MSB,https://www.topcv.vn/viec-lam/data-engineer-etl-msb/1286073.html?ta_source=ITJobs_LinkDetail,Ngân hàng TMCP Hàng Hải Việt Nam (MSB),Thoả thuận,Hà Nội,Quản lý / Giám sát,Trên 5 năm,Toàn thời gian,Không yêu cầu,"1. Trình độ:Tốt nghiệp từ Đại học trở lên ở một trong các chuyên ngành Công nghệ thông tin, Khoa học máy tính, Hệ thống thông tin, Thông tin truyền thông, Toán-TinNgoại ngữ: Toeic 0-600 điểm, có khả năng hiểu và giao tiếp bằng tiếng Anh trình độ cơ bản;Sử dụng thành thạo các phần mềm ứng dụng tin học văn phòng2. Kinh nghiệm:Tối thiểu 07 năm kinh nghiệm Làm việc về các hệ thống big data, Data-warehouse, sử dụng các mã nguồn mở trên hệ sinh thái Hadoop ecosystem như spark, spark-streaming, spark-SQL, hive, hbase, Kafka... Làm việc cơ sở dữ liệu lớn, thành thạo ngôn ngữ lập trình Cơ sở Dữ liệu cấu trúc hoặc phi cấu trúc SQL, NoSQL Ít nhất 5 năm lập trình ngôn ngữ lập trình Java/Python/Scala, SQL trong việc sử lý dữ liệu.Tối thiểu 02 năm kinh nghiệm trong lĩnh vực Dự án liên quan đến khai thác & phát triển dữ liệu lớn trong ngân hàng 3. Kiến thức:Hiểu biết sâu về kiến trúc tổng quan dữ liệu của ngân hàngAm hiểu về dữ liệu nghiệp vụ Ngân hàng, đặc biệt là dữ liệu các hệ thống trọng yếu như Core BankingHiểu về các mô hình thiết kế dữ liệu lớn, công nghệ trong lĩnh vực dữ liệu đang là xu hướng thế giới."
Kiểm Tra Chất Lượng Phần Mềm,https://www.topcv.vn/viec-lam/kiem-tra-chat-luong-phan-mem/1283826.html?ta_source=ITJobs_LinkDetail,Công ty CP Tin học Lạc Việt,9 - 15 triệu,Hồ Chí Minh,,,,,
Chuyên Viên Triển Khai Phần Mềm IT,https://www.topcv.vn/viec-lam/chuyen-vien-trien-khai-phan-mem-it/1286264.html?ta_source=ITJobs_LinkDetail,CÔNG TY CỔ PHẦN ĐẦU TƯ PHÁT TRIỂN DEMEGO,8 - 14 triệu,Hà Nội,Nhân viên,1 năm,Toàn thời gian,Không yêu cầu,"Ít nhất 01 năm kinh nghiệm kiểm thử, triển khai phần mềm, tư duy logic tốtCẩn thận, kiên nhẫn, biết chủ động xử lý và giải quyết vấn đề vướng mắcCó tinh thần liên tục học hỏi và đổi mớiTrung thực, kỷ luật, tinh thần cam kết cao trong công việcBiết sử dụng công cụ JIRA là một lợi thếBiết kiểm thử API, kiểm thử Database là một lợi thếCơ động các dự án (nếu cần)Tiếng anh cơ bản"
Nhân Viên IT,https://www.topcv.vn/viec-lam/nhan-vien-it/1286404.html?ta_source=ITJobs_LinkDetail,CÔNG TY TNHH TKG TAEKWANG CẦN THƠ,Thoả thuận,Cần Thơ,,,,,
Technical Supporter,https://www.topcv.vn/viec-lam/technical-supporter/669849.html?ta_source=ITJobs_LinkDetail,Công ty TNHH HQSOFT,Thoả thuận,Hồ Chí Minh,Nhân viên,1 năm,Toàn thời gian,Không yêu cầu,"- Kinh nghiệm từ 1 năm trở lên- Nam/Nữ_ Tốt nghiệp CĐ/ĐH- Chuyên ngành liên quan CNTT- Biết về cơ sở dữ liệu và viết báo cáo (ưu tiên SQL, Stimulsoft)- Có tinh thần trách nhiệm cao- Làm việc nhóm tốt- Tinh thần học hỏi và cầu tiến cao"
Nhân Viên System Admin,https://www.topcv.vn/viec-lam/nhan-vien-system-admin/1044352.html?ta_source=ITJobs_LinkDetail,CÔNG TY CỔ PHẦN CÔNG NGHỆ V9,Trên 15 triệu,Hà Nội,,,,,
IT Network,https://www.topcv.vn/viec-lam/it-network/1209873.html?ta_source=ITJobs_LinkDetail,Công ty TNHH SETA international Việt Nam,Thoả thuận,Hà Nội,Nhân viên,1 năm,Toàn thời gian,Không yêu cầu,"At least 1 year of experience in IT Network InfrastructureHaving programming software skill is plusHaving Linux experience is a plusHaving Cloud experience is a plusHave experience in setting up and maintaining network security and systems ( switch, firewall, Windows Server...)"
Thực Tập Sinh Reactjs,https://www.topcv.vn/viec-lam/thuc-tap-sinh-reactjs/636946.html?ta_source=ITJobs_LinkDetail,Công ty TNHH 1 thành viên công nghệ và truyền thông 3i,Thoả thuận,"Hà Nội, Hồ Chí Minh",Thực tập sinh,Không yêu cầu kinh nghiệm,Toàn thời gian,Không yêu cầu,"Bắt buộc phải làm Fulltime trong ít nhất 4 thángSinh viên năm cuối hoặc tốt nghiệp cao đẳng/đại học chuyên ngành CNTT, Kỹ thuật phần mềm, Khoa học máy tính, ... hoặc các lĩnh vực liên quanNắm vững các kiến thức về ReactjsCó kiến thức tốt về Javascript, HTML, CSS, REST API, XML, JSON, JS,...Kỹ năng làm việc nhóm và trao đổi thông tin tốtChăm chỉ, có tinh thần học hỏi, chủ động trong công việcĐam mê lập trình, tư duy logic, sẵn sàng tìm hiểu và học hỏi cái mớiNhiệt tình và có trách nhiệm trong công việc"
Software Tester Intern,https://www.topcv.vn/viec-lam/software-tester-intern/1271039.html?ta_source=ITJobs_LinkDetail,Công ty TNHH ITC Group,Tới 3 triệu,Hồ Chí Minh,,,,,
System Engineer Intern,https://www.topcv.vn/viec-lam/system-engineer-intern/1221318.html?ta_source=ITJobs_LinkDetail,Công Ty Cổ Phần VNETWORK,Thoả thuận,Hà Nội,Thực tập sinh,Không yêu cầu kinh nghiệm,Toàn thời gian,Không yêu cầu,"Trình độ Đại học chuyên ngành An ninh mạng, Quản trị hệ thống/ công nghệ thông tin.Kiến thức cơ bản về Network và SystemCó khả năng nghiên cứu độc lập, đọc hiểu tài liệu tiếng Anh tốt."
Trưởng Nhóm Digital Marketing,https://www.topcv.vn/viec-lam/truong-nhom-digital-marketing/1191290.html?ta_source=ITJobs_LinkDetail,CÔNG TY CỔ PHẦN ĐẦU TƯ THƯƠNG MẠI QUỐC TẾ LIM,Thoả thuận,Hà Nội,,,,,
Unity Developer,https://www.topcv.vn/viec-lam/unity-developer/566977.html?ta_source=ITJobs_LinkDetail,Bravestars Games,"700 - 1,200 USD",Hà Nội,Nhân viên,1 năm,Toàn thời gian,Nam,"- Có ít nhất 2 năm kinh nghiệm làm Unity: đã làm nhiều thể loại game khác nhau (làm được cả 2D, 3D là một lợi thế, đặc biệt làm 3D tốt là lợi thế)  - Khả năng tư duy logic tốt, hiểu biết về cấu trúc dữ liệu, thuật toán, design pattern - Có trách nhiệm cao trong công việc, thái độ cầu tiến và ham học hỏi, yêu thích làm game  - Có khả năng viết tool hỗ trợ lúc làm việc là một lợi thế - Có khả năng đọc hiểu tài liệu bằng Tiếng Anh là một lợi thế"
Tester/QC (App),https://www.topcv.vn/viec-lam/tester-qc-app/1272410.html?ta_source=ITJobs_LinkDetail,CÔNG TY TNHH WORLD WAVE CULTURE TECHNOLOGY,15 - 25 triệu,Hồ Chí Minh,,,,,
Lập Trình Viên Java Fullstack,https://www.topcv.vn/viec-lam/lap-trinh-vien-java-fullstack/1272480.html?ta_source=ITJobs_LinkDetail,Công ty cổ phần phần mềm REVOTECH,Tới 25 triệu,Hà Nội,Nhân viên,3 năm,Toàn thời gian,Không yêu cầu,"• Tốt nghiệp Đại học các chuyên ngành liên quan như công nghệ thông tin, an toàn thông tin, khoa học máy tính,... • Có ít nhất từ 03 năm kinh nghiệm thực tế trong lập trình phần mềm về ứng dụng Web với Java fullstack • Hiểu ngôn ngữ lập trình Java/J2EE, Spring/ Spring Boot • Kinh nghiệm làm việc với một số loại cơ sở dữ liệu DBMS: MS SQL Server, Oracle, MySQL, Postgres • Kinh nghiệm làm việc với một trong các công nghệ JavaScript: AngularJS, React, VueJS, JQuery, ... • Có khả năng sử dụng build tool Maven, Gradle. • Ưu tiên có kinh nghiệm java struts, jsp • Có khả năng xử lý tình huống tốt, cẩn thận, trách nhiệm cao trong công việc • Có khả năng làm việc độc lập, làm việc nhóm. • Có thể onsite khi dự án yêu cầu SKILL TAGS: Java, J2EE, Spring, JS Framework"
Senior Product Analyst,https://www.topcv.vn/viec-lam/senior-product-analyst/1273232.html?ta_source=ITJobs_LinkDetail,TỔNG CÔNG TY CỔ PHẦN BẢO HIỂM BƯU ĐIỆN,Thoả thuận,Hà Nội,,,,,
Frontend Developer (Angular/ ReactJS),https://www.topcv.vn/viec-lam/frontend-developer-angular-reactjs/1202025.html?ta_source=ITJobs_LinkDetail,Công ty Cổ phần Giải pháp Phần mềm Biplus Việt Nam,Thoả thuận,Hà Nội,Nhân viên,1 năm,Toàn thời gian,Không yêu cầu,"Có từ 1.5 năm kinh nghiệm trở lên lập trình với Web Frontend Angular, ưu tiên có cả kinh nghiệm thưc tế làm với ReactJS.Thành thạo Bootstrap.Có kinh nghiệm với HTML, CSS.Có hiểu biết về SEO WebTiếng anh giao tiếp tốt.Kỹ năng giao tiếp, giải quyết vấn đề, kỹ năng làm việc nhóm tốt, luôn sẵn sàng hỗ trợ các thành viên khác trong dự án.Chịu được áp lực cao trong công việc, có khả năng làm việc độc lập, chủ động giải quyết vấn đề để hoàn thành nhiệm vụ.Cam kết, ham học hỏi."
Flutter Developer (Từ 3 Năm Kinh Nghiệm),https://www.topcv.vn/viec-lam/flutter-developer-tu-3-nam-kinh-nghiem/1273795.html?ta_source=ITJobs_LinkDetail,CÔNG TY CỔ PHẦN DỊCH VỤ DI ĐỘNG THỂ HỆ MỚI (NMS),Tới 35 triệu,Hà Nội,,,,,
Lập Trình Viên (VB.Net/ C#),https://www.topcv.vn/viec-lam/lap-trinh-vien-vb-net-c/1273960.html?ta_source=ITJobs_LinkDetail,CÔNG TY CỔ PHẦN GIẢI PHÁP GIÁO DỤC - Y TẾ NAM VIỆT,10 - 20 triệu,Hà Nội,Nhân viên,1 năm,Toàn thời gian,Không yêu cầu,"Yêu cầu về kiến thức và kỹ năng:
- Kiến thức về lập trình với ngôn ngữ: HTML, CSS,C#, ASP.NET, MSSQL Server, Javascript, jQuery, AJAX, Web service
- Đã từng làm vị trí tương đương
- Đã từng tham gia phát triển các giải pháp phần mềm cho Giáo dục như quản lý đào tạo, quản lý Đào tạo trực tuyến Elearning là một lợi thế lớn
Yêu cầu chung:
- Trình độ: Cao đẳng chuyên ngành CNTT trở lên.
- Kinh nghiệm; 1 năm trở lên
- Trình bày và giao tiếp tốt qua email, điện thoại, face to face.
- Có khả năng phát triển phần mềm tốt, phân tích thiết kế;
- Chăm chỉ, năng động, hòa đồng, nhiệt tình, chủ động, sáng tạo, có trách nhiệm trong công việc, chịu được áp lực .
- Ưu tiên ứng viên có kinh nghiệm và kiến thức thực tế"
Manual Quality Control (Tester),https://www.topcv.vn/viec-lam/manual-quality-control-tester/1273471.html?ta_source=ITJobs_LinkDetail,Công ty TNHH Thu phí tự động VETC,25 - 45 triệu,Hà Nội,,,,,
Product Manager,https://www.topcv.vn/viec-lam/product-manager/1273941.html?ta_source=ITJobs_LinkDetail,Công ty cổ phần Công nghệ Sapo,35 - 45 triệu,Hà Nội,Quản lý / Giám sát,3 năm,Toàn thời gian,Không yêu cầu,"Ít nhất 3 năm kinh nghiệm làm việc ở vị trí tương đương: Tech lead/Business Analyst/ Product Analyst/ Product Owner/ Product Manager trong lĩnh vực Công nghệ thông tin (IT)...Based Tech, từng là tech lead trong các dự án là một lợi thế: Có khả năng lập trình HTML/CSS, API, SQL...Kinh nghiệm trong tư vấn phần mềm và tối ưu hóa sản phẩm trong lĩnh vực Thương mại điện tử/ERP/ SaaS là một lợi thế.Có kinh nghiệm tích hợp hệ thống với bên thứ ba.Có khả năng logic tốt, kỹ năng phân tích và giải quyết vấn đề.Kỹ năng lắng nghe và phỏng vấn tốt để hiểu môi trường kinh doanh và quy trình của khách hàng.Kiến thức/kinh nghiệm tốt về UI/UX.Kinh nghiệm làm việc trong môi trường Agile hoặc có kinh nghiệm làm Scrum Master là một lợi thế.Kỹ năng tiếng Anh tốt."
Backend Java Developer (Spring/Hybernate),https://www.topcv.vn/viec-lam/backend-java-developer-spring-hybernate/1273474.html?ta_source=ITJobs_LinkDetail,"Step Up Education Co.,ltd",10 - 20 triệu,Hà Nội,,,,,
ReactJS Developer Webapp (1 Năm Kinh Nghiệm),https://www.topcv.vn/viec-lam/reactjs-developer-webapp-1-nam-kinh-nghiem/1273421.html?ta_source=ITJobs_LinkDetail,"Step Up Education Co.,ltd",10 - 15 triệu,Hà Nội,Nhân viên,1 năm,Toàn thời gian,Không yêu cầu,"Có ít nhất 1 năm kinh nghiệm phát triển web app với ReactJS.Hiểu biết sâu sắc về các khái niệm ReactJS như state, props, components, lifecycle hooks, v.v.Khả năng viết mã JavaScript, TypeScript chất lượng cao, dễ đọc và bảo trì.Khả năng làm việc độc lập và theo nhóm.Kỹ năng giao tiếp tốt.Có kinh nghiệm với React Native là một lợi thếCông ty yêu cầu mang laptop cá nhân để làm việc (có phụ cấp/tháng)"
Fresher Back End Developer Python,https://www.topcv.vn/viec-lam/fresher-back-end-developer-python/1273141.html?ta_source=ITJobs_LinkDetail,CÔNG TY TNHH CÔNG NGHỆ VÀ GIẢI TRÍ BITDANCE (BITDANCE TECHNOLOGIES AND ENTERTAINMENT COMPANY LIMITED),Thoả thuận,Hồ Chí Minh,,,,,
Business Development Intern,https://www.topcv.vn/viec-lam/business-development-intern/1273146.html?ta_source=ITJobs_LinkDetail,ICETEA LABS,Tới 4 triệu,Hà Nội,Thực tập sinh,Không yêu cầu kinh nghiệm,Toàn thời gian,Không yêu cầu,"3rd-4th year students of FTU, RMIT, NEU....Proficiency in English.Knowledge of Blockchain is advantageous.Good communication skills and ability to build relationships.Eagerness to learn and diligence in work.Flexibility and quick adaptation to new knowledge."
Senior Back End Developer,https://www.topcv.vn/viec-lam/senior-back-end-developer/1273149.html?ta_source=ITJobs_LinkDetail,CÔNG TY TNHH CÔNG NGHỆ VÀ GIẢI TRÍ BITDANCE (BITDANCE TECHNOLOGIES AND ENTERTAINMENT COMPANY LIMITED),Thoả thuận,Hồ Chí Minh,,,,,
Odoo Team Leader,https://www.topcv.vn/viec-lam/odoo-team-leader/1273924.html?ta_source=ITJobs_LinkDetail,CÔNG TY CỔ PHẦN CÔNG NGHỆ SOTATEK VIỆT NAM,30 - 35 triệu,Hà Nội,Trưởng nhóm,2 năm,Toàn thời gian,Không yêu cầu,"Must haveHave experience working with Odoo;Ability to absorb problems quickly, proactively at workInterest in computer data structures;Nice to haveBachelor degree or higher, majoring in software engineer, computer science;Contribution to Open Source Projects;Interest in enterprise application development;Techno-functional expertise."
Nhân Viên Thiết Kế,https://www.topcv.vn/viec-lam/nhan-vien-thiet-ke/1229416.html?ta_source=ITJobs_LinkDetail,Công ty Cổ phần Blackwind,15 - 20 triệu,Hà Nội,,,,,
Business Analyst - Odoo/ERP,https://www.topcv.vn/viec-lam/business-analyst-odoo-erp/1273927.html?ta_source=ITJobs_LinkDetail,CÔNG TY CỔ PHẦN CÔNG NGHỆ SOTATEK VIỆT NAM,20 - 30 triệu,Hà Nội,Nhân viên,3 năm,Toàn thời gian,Không yêu cầu,"Ability to collect, synthesize, evaluate, and analyze information.Strong documentation, training, and presentation skills.Understanding of the Odoo platform and basic modules (HRM, CRM, Sales...). Priority given to experience implementing product projects on the Odoo platform.Excellent communication skills, including the ability to stimulate requests and interact with multiple stakeholders."
Embedded Software Engineer (Mid-Senior),https://www.topcv.vn/viec-lam/embedded-software-engineer-mid-senior/1273935.html?ta_source=ITJobs_LinkDetail,CÔNG TY CỔ PHẦN CÔNG NGHỆ SOTATEK VIỆT NAM,Tới 35 triệu,Hà Nội,,,,,
Graphic Designer Video Editor,https://www.topcv.vn/viec-lam/graphic-designer-video-editor/1273128.html?ta_source=ITJobs_LinkDetail,CÔNG TY TNHH CÔNG NGHỆ VÀ GIẢI TRÍ BITDANCE (BITDANCE TECHNOLOGIES AND ENTERTAINMENT COMPANY LIMITED),Thoả thuận,Hồ Chí Minh,Nhân viên,2 năm,Toàn thời gian,Không yêu cầu,"Yêu cầu kỹ thuật:Tối thiếu 1+ năm kinh nghiệm ở vị trí tương đươngSử dụng tốt các công cụ thiết kế, edit như: Ai, Pts, Pr,...Có tư duy thẩm mỹ tốt, phù hợp với phong cách thiết kế hiện đại, công nghệHiểu biết về UI/UX là một lợi thếBiết quay, chụp cơ bản là một lợi thế"
Nhân Viên Kỹ Thuật,https://www.topcv.vn/viec-lam/nhan-vien-ky-thuat/1273743.html?ta_source=ITJobs_LinkDetail,CÔNG TY CỔ PHẦN CÔNG NGHỆ THÁC SỐ,10 - 15 triệu,Hồ Chí Minh,,,,,
PHP Developer (CakePHP),https://www.topcv.vn/viec-lam/php-developer-cakephp/1231405.html?ta_source=ITJobs_LinkDetail,CÔNG TY TNHH THEINFITECH,Thoả thuận,Hà Nội,Nhân viên,1 năm,Toàn thời gian,Không yêu cầu,"Có ít nhất 2 năm kinh nghiệm trở lên về phát triển Web PHP.Có ít nhất 1 năm kinh nghiệm làm việc với các framework CakePHP.Có kiến thức / biết sử dụng 1 trong các Framework frontend: React/VueJS,... là một lợi thế. Nắm vững kiến thức về MVC, WebService, RESTful APICó kiến thức về cơ sở dữ liệu, có kinh nghiệm với MySQL, PostgreSQL hoặc MongoDBSử dụng thành thạo Git, Git FlowChủ động trong công việc và tìm hiểu, học hỏi các công nghệ mới.Có khả năng tự học, tự tìm hiểu & đọc hiểu tài liệu tiếng anh tốtƯu tiên ứng viên yêu thích kỹ thuật hoặc mong muốn phát triển hơn trong tương lai.Ưu tiên ứng viên có thể đi làm liền."
Lập Trình Viên (Java/ JavaScript- Tiếng Nhật N3),https://www.topcv.vn/viec-lam/lap-trinh-vien-java-javascript-tieng-nhat-n3/1079712.html?ta_source=ITJobs_LinkDetail,Công ty TNHH Phần mềm DTS Việt Nam,Tới 15 triệu,Hà Nội,,,,,
Chuyên Viên SEO Website,https://www.topcv.vn/viec-lam/chuyen-vien-seo-website/1273910.html?ta_source=ITJobs_LinkDetail,Công Ty TNHH UNICH LABS,20 - 30 triệu,Hà Nội,Nhân viên,2 năm,Toàn thời gian,Không yêu cầu,"Ưu tiên: Có kinh nghiệm về tiền điện tử và công nghệ blockchain và có các network để xây dựng phát triển sản phẩmHơn 2 năm kinh nghiệm về SEO, ưu tiên tập trung vào các trang web và blog về tiền điện tửHiểu biết sâu sắc về các nguyên tắc và thực tiễn SEO, bao gồm nghiên cứu từ khóa, tối ưu hóa trên trang và xây dựng liên kếtCó kinh nghiệm sử dụng Google Analytics và các công cụ SEO khácĐã chứng minh được khả năng tổ chức, ưu tiên và quản lý công việc theo dự án"
Nhân Viên IT Văn Phòng,https://www.topcv.vn/viec-lam/nhan-vien-it-van-phong/1272797.html?ta_source=ITJobs_LinkDetail,Công ty Thương mại & Xuất nhập khẩu Viettel,7 - 12 triệu,Hà Nội,,,,,
Lập Trình Viên IT Phần Mềm,https://www.topcv.vn/viec-lam/lap-trinh-vien-it-phan-mem/916245.html?ta_source=ITJobs_LinkDetail,Công ty cổ phần xây dựng Đức Anh,13 - 15 triệu,Phú Thọ,Nhân viên,3 năm,Toàn thời gian,Không yêu cầu,"- Cử nhân / Kĩ sư ngành CNTT hoặc các bằng cấp tương đương.- Ưu tiên thành thạo một trong các ngôn ngữ sau: SQL, ASP core, Angular.- Có khả năng chịu được áp lực công việc cao, khả năng thích nghi tốt.- Vui vẻ, hoà đồng, cầu tiến."
Lập Trình Viên IOS (Từ 1-2 Năm Kinh Nghiệm),https://www.topcv.vn/viec-lam/lap-trinh-vien-ios-tu-1-2-nam-kinh-nghiem/1109653.html?ta_source=ITJobs_LinkDetail,Công ty TNHH Zensho Hà Nội System Center,10 - 18 triệu,Hà Nội,,,,,
Lập Trình Viên Android (Từ 1-2 Năm Kinh Nghiệm),https://www.topcv.vn/viec-lam/lap-trinh-vien-android-tu-1-2-nam-kinh-nghiem/1109694.html?ta_source=ITJobs_LinkDetail,Công ty TNHH Zensho Hà Nội System Center,10 - 18 triệu,Hà Nội,Nhân viên,1 năm,Toàn thời gian,Không yêu cầu,"• Lập trình thành thạo trên mobile với Java Android/Kolint• Có từ 2 năm kinh nghiệm ở vị trí tương đương• Sử dụng thành thạo framework và tool liên quan như Android Studio/IntelliJ/Android SDK, các tool quản lý version như github/gitlab• Hiểu rõ cơ chế vận hành và sử dụng RESTfulAPIs/SOAP, kết nối mobile application và API/services tầng backend, cũng như các tool/công nghệ liên quan Postman, JSON/XML• Có kiến thức cơ bản về công nghệ phát triển Web/UXUI/OOP/Design pattern• Có kinh nghiệm xử lý và sử dụng các tool về performance, memory tuning, image/graphic processing• Đã từng làm việc với cloud message APIs, push notifications(GCM, FCM), Payment(pay pay, paypal)• Có kinh nghiệm và hiểu sâu về nền tảng ngôn ngữ C hoặc Java là lợi thế• Có kinh nghiệm với CI/CD là lợi thế• Năng động, sáng tạo và ham học hỏi, đặc biệt ưu tiên ứng viên có tình thần trách nhiệm cao trong công việc• Có thể làm việc theo nhóm hoặc độc lập"
Nhân Viên IT,https://www.topcv.vn/viec-lam/nhan-vien-it/962469.html?ta_source=ITJobs_LinkDetail,Công ty TNHH Công nghệ Vật liệu mới HMT (Hải Phòng),Thoả thuận,Hải Phòng,,,,,
BE Java Developer,https://www.topcv.vn/viec-lam/be-java-developer/1272911.html?ta_source=ITJobs_LinkDetail,Nichietsu,Tới 40 triệu,Hồ Chí Minh,Nhân viên,4 năm,Toàn thời gian,Không yêu cầu,"TECHNICAL:Bachelor's degree in Computer Science, Information Technology or equivalent;At least 4 years of experience working with Java Spring, Kotlin;Strong knowledge with relational databases (MySQL, Maria DB, ...);Knowledge of Micro-service pattern, events driven architect, Eco system, Automation Flow;Knowledge of Spring framework, Spring boot, Spring Cloud,...Having knowledge of source version control tools: Bitbucket, GitHub...Good understanding on dependency management and build tools e.g: Maven, Gradle;Familiar with Agile and management tools (Jira, Confluence...).NON-TECHNICAL:Willingness and ability to thrive in a fast paced and agile development environment;Good problem solving skill;Good at logic thinking;Be able to work under deadline pressure;Proactive in work;Willing to study new languages and technologies;Good written and verbal communication skills with demonstrated ability to work in a team environment.Language: English."
Lập Trình Viên C++ Developer,https://www.topcv.vn/viec-lam/lap-trinh-vien-c-developer/1179045.html?ta_source=ITJobs_LinkDetail,Công ty TNHH Phần mềm DTS Việt Nam,10 - 20 triệu,Hà Nội,,,,,
Chuyên Viên Kỹ Thuật Mạng (Network Engineer),https://www.topcv.vn/viec-lam/chuyen-vien-ky-thuat-mang-network-engineer/1273831.html?ta_source=ITJobs_LinkDetail,Công ty CP Giải pháp Thanh toán Việt Nam (VNPAY),Thoả thuận,Hồ Chí Minh,Nhân viên,2 năm,Toàn thời gian,Không yêu cầu,"- Tốt nghiệp Cao Đẳng, Đại Học chuyên ngành Công nghệ thông tin, Công nghệ phần mềm, Điện tử viễn thông,...- Có ít nhất 02 năm kinh nghiệm ở vị trí tương đương.- Có kiến thức về Network và Security tương đương với chứng chỉ CCNP / JNCIP hoặc cao hơnRouting & switching : L3-VPN ; L2-VPN; BGP; EVPN ; OSPF ; IS-IS; FBF (Filter based forwarding) / PBR (Poliicy based routing); VLAN / VXLAN ; STP ; MPLS ; QoS ; Load-balancingSecurity: Layer3 / Layer4 security ; Firewall rule; có kiến thức về IPS/IDS- Hiểu rõ về mô hình OSI / TCP IP- Có kỹ năng phân tích và giải quyết sự cố; tối ưu hệ thống ; sử dụng thành thạo các công cụ bổ trợ như Sniffer / Wireshark ...- Có kinh nghiệm hoặc khả năng nghiên cứu các hệ thống mạng SDN, đã từng làm Openstack, Juniper Contrail, Openvswitch hoặc tương đương. Ưu tiên ứng viên vận hành thiết bị Juniper.- Có tinh thần trách nhiệm cao trong công việc. Thích nghiên cứu, tìm tòi học hỏi.- Có thể đi công tác và chịu được áp lực cao trong công việc"
Lập Trình Viên Backend,https://www.topcv.vn/viec-lam/lap-trinh-vien-backend/1273847.html?ta_source=ITJobs_LinkDetail,Công ty CP Giải pháp Thanh toán Việt Nam (VNPAY),Thoả thuận,Hồ Chí Minh,,,,,
Chuyên Viên Vận Hành Cloud (Cloud Engineer),https://www.topcv.vn/viec-lam/chuyen-vien-van-hanh-cloud-cloud-engineer/1273858.html?ta_source=ITJobs_LinkDetail,Công ty CP Giải pháp Thanh toán Việt Nam (VNPAY),Thoả thuận,Hồ Chí Minh,Nhân viên,2 năm,Toàn thời gian,Không yêu cầu,"- Tốt nghiệp Đại học/Cao đẳng chuyên ngành CNTT, Công nghệ phần mềm và các chuyên ngành khác liên quan.- Tối thiểu 02 năm kinh nghiệm làm việc cho Public/ Private Cloud Provider.- Ưu tiên ứng viên có lợi thế về: + Có kinh nghiệm trong các hệ thống private cloud trên nền Proxmox, Openstack, Vmware  + Có kinh nghiệm thiết kế và vận hành sản phẩm dịch vụ doanh nghiệp trên nền AWS/ GCP/ AZURE/ Alibaba + Vận hành các hệ thống Software-Defined Storage (Ceph, Linstor hoặc tương tự). + Có kinh nghiệm trong các giải pháp Container như swarm, Kubernetes, Openshift và CI/CD trên các nền Gitlab, Jenkins, ... + Có kinh nghiệm trong các kiến trúc giải pháp SDN technology for Cloud Provider + Có thể đọc hiểu tài liệu kỹ thuật, sản phẩm CNTT bằng tiếng Anh và trao đổi kỹ thuật với người nước ngoài- Tính chuyên nghiệp: Chủ động trong công việc, sẵn sàng học cái mới, vượt qua thách thức, nỗ lực nghiệm thu dự án đúng hạn, tuân thủ quy định công ty, cộng tác hiệu quả với khách hàng, đối tác và đồng nghiệp"
Lập Trình Viên Back-End PHP,https://www.topcv.vn/viec-lam/lap-trinh-vien-back-end-php/800225.html?ta_source=ITJobs_LinkDetail,CÔNG TY CỔ PHẦN TRUYỀN THÔNG VĂN HOÁ VIỆT,7 - 15 triệu,Hà Nội,,,,,
Thực Tập Sinh Back-End PHP,https://www.topcv.vn/viec-lam/thuc-tap-sinh-back-end-php/858219.html?ta_source=ITJobs_LinkDetail,CÔNG TY CỔ PHẦN TRUYỀN THÔNG VĂN HOÁ VIỆT,4 - 8 triệu,Hà Nội,Thực tập sinh,Không yêu cầu kinh nghiệm,Toàn thời gian,Không yêu cầu,"Đang là sinh viên năm cuối hoặc đã ra trường theo học ngành CNTT hoặc chuyên ngành khác có liên quanCó kiến thức cơ bản về lập trình WEB (PHP/HTML/CSS/JAVASCRIPT).Hiểu biết về MVC FrameworkCó kiến thức về các hệ quản trị cơ sở dữ liệu, nhất là NoSQL (MongoDB), Solr, nếu chưa biết sẽ được đào tạo.Đảm bảo nghiêm túc giờ giấc theo giờ hành chính, có thể đi làm fulltime"
Lập Trình Viên Backend,https://www.topcv.vn/viec-lam/lap-trinh-vien-backend/1024100.html?ta_source=ITJobs_LinkDetail,CÔNG TY CỔ PHẦN TRUYỀN THÔNG VĂN HOÁ VIỆT,7 - 15 triệu,Hà Nội,,,,,
Thực Tập Thiết Kế Vi Mạch FPGA,https://www.topcv.vn/viec-lam/thuc-tap-thiet-ke-vi-mach-fpga/1196538.html?ta_source=ITJobs_LinkDetail,Công ty cổ phần phần mềm nhúng NATA,Thoả thuận,Hà Nội,Thực tập sinh,Không yêu cầu kinh nghiệm,Toàn thời gian,Không yêu cầu,"Biết một trong các ngôn ngữ mô tả phần cứng Verilog, VHDL, SystemC với khả năng học hỏi nhanhLà sinh viên năm cuối hoặc đã tốt nghiệp thuộc các chuyên ngành Điện - Điện tử, Cơ – Điện tử, CNTT, Khoa học máy tínhCó khả năng sử dụng các công cụ như: đồng hồ đo vạn năng, Oscilloscope ...Lợi thế: Có hiểu biết về kiến trúc máy tính và lập trình cho vi điều khiểnBiết lập trình C/C++ và có hiểu biết về Embedded LinuxCó tinh thần cầu tiến, năng động"
Nhân Viên Quản Trị Hệ Thống Giám Sát (NagiosXI),https://www.topcv.vn/viec-lam/nhan-vien-quan-tri-he-thong-giam-sat-nagiosxi/1273764.html?ta_source=ITJobs_LinkDetail,Công ty CP Giải pháp Thanh toán Việt Nam (VNPAY),Thoả thuận,Hà Nội,,,,,
Nhân Viên 2D Game Artist,https://www.topcv.vn/viec-lam/nhan-vien-2d-game-artist/1135805.html?ta_source=ITJobs_LinkDetail,Công ty Cổ phần Công nghệ DeFiX Network,10 - 30 triệu,Hà Nội,Nhân viên,Không yêu cầu kinh nghiệm,Toàn thời gian,Không yêu cầu,"Có đam mê với game.Đam mê thiết kế, giàu ý tưởng sáng tạo, thẫm mỹ tốt, có khả năng phát triển những ý tưởng tạo hình độc đáo.Biết sử dụng các phần mềm thiết kế như: Adobe Photoshop, Adobe Illustrator, Flash...Có khả năng vẽ tay, vẽ nhân vật, background, UI và sử dụng thành thạo Wacom, biết sử dụng Spine (Animation) là 1 lợi thế.Yêu cầu có link portfolio (các sản phẩm đã thiết kế), gắn link trực tiếp ở CV"
Xây Dựng & Quản Trị Hệ Thống Đo Lường Rủi Ro 1P406,https://www.topcv.vn/viec-lam/xay-dung-quan-tri-he-thong-do-luong-rui-ro-1p406/1273758.html?ta_source=ITJobs_LinkDetail,Ngân hàng TMCP Hàng Hải Việt Nam (MSB),Thoả thuận,Hà Nội,,,,,
Nhân Viên ERP,https://www.topcv.vn/viec-lam/nhan-vien-erp/1273508.html?ta_source=ITJobs_LinkDetail,Công ty TNHH Sunhouse Việt Nam,Thoả thuận,Hà Nội,Nhân viên,Không yêu cầu kinh nghiệm,Toàn thời gian,Không yêu cầu,"- Trình độ học vấn: Đại học trở lên- Chuyên môn: tin học quản lý, phần mềm, công nghệ thông tin- Kinh nghiệm: 1 năm kinh nghiệm ở vị trí tương đương (chấp nhận đào tạo sinh viên mới ra trường)- Thành thạo ngôn ngữ SQL và hệ quản trị CSDL SQL Server.- Am hiểu nghiệp vụ ERP (Quản trị doanh nghiệp).- Có kiến thức về kế toán, CRM- Có kiến thức cơ bản về hệ thống máy chủ và mạng."
Chuyên Viên Quản Trị Cơ Sở Dữ Liệu Rủi Ro - 1P407,https://www.topcv.vn/viec-lam/chuyen-vien-quan-tri-co-so-du-lieu-rui-ro-1p407/1273728.html?ta_source=ITJobs_LinkDetail,Ngân hàng TMCP Hàng Hải Việt Nam (MSB),Thoả thuận,Hà Nội,,,,,
Back-End Developer (Java),https://www.topcv.vn/viec-lam/back-end-developer-java/1228994.html?ta_source=ITJobs_LinkDetail,CÔNG TY CỔ PHẦN LUKLAK,Thoả thuận,Hà Nội,Nhân viên,3 năm,Toàn thời gian,Không yêu cầu,"Yêu cầu bắt buộc:- Tốt nghiệp Đại học chuyên ngành CNTT, Khoa học máy tính, Toán Tin... hoặc các chuyên ngành liên quan.- Từ 3-5 kinh nghiệm lập trình, tối thiểu 2 năm làm việc với Java.- Có tư duy tốt, kiến thức về khoa học máy tính, cấu trúc dữ liệu và giải thuật, hướng đối tượng, sử dụng thành thạo công cụ quản lý source code (Git).- Có kinh nghiệm viết Unit test, Integration test.- Có tinh thần trách nhiệm trong công việc và làm việc tốt dưới áp lực cao.- Có laptop cá nhân.Lợi thế nếu đáp ứng:- Có hiểu biết về lập trình bất đồng bộ và lock free.- Có hiểu biết và sử dụng một trong PostgreSQL, Elasticsearch, Kafka, Vert.x, Hazelcast, Kubernetes, Jenkins,...- Kiến thức tốt về Linux, Network."
Front-End Developer Next.Js,https://www.topcv.vn/viec-lam/front-end-developer-next-js/1273229.html?ta_source=ITJobs_LinkDetail,Công ty TNHH Đầu Tư và Thương Mại Vigo Global,20 - 30 triệu,Hà Nội,,,,,
IT Comtor,https://www.topcv.vn/viec-lam/it-comtor/1226522.html?ta_source=ITJobs_LinkDetail,Công ty TNHH Công Nghệ và Truyền Thông Widosoft,Thoả thuận,Khánh Hoà,Nhân viên,Dưới 1 năm,Toàn thời gian,Không yêu cầu,"Trình độ tiếng Nhật từ N2 hoặc tương đương trở lênCó ít nhất 1 năm kinh nghiệm ở vị trí ComtorTự tin về khả năng giao tiếp.Khả năng phân tích, tư duy logic, xử lý vấn đề tốt và chịu được áp lực công việc.Tốt nghiệp Trung cấp trở lên"
"Fullstack Developer (TypeScript, ReactJS, NodeJS)",https://www.topcv.vn/viec-lam/fullstack-developer-typescript-reactjs-nodejs/1256736.html?ta_source=ITJobs_LinkDetail,Nichietsu,Tới 30 triệu,Hồ Chí Minh,Nhân viên,1 năm,Toàn thời gian,Không yêu cầu,"Our Requirements:- Strong proficiency with TypeScript, ReactJS, NodeJS.- 1-3 years of relevant experience with a bachelor’s degree in computer science.- Experience in developing frontend web applications, with expertise in deep optimization of end-user experience, stability & scalability, code modularity, and rendering latency.- Strong Typescript/HTML/CSS frontend engineering experience and deep understanding of the underlying design philosophy and implementation ofcommon web frameworks, including ReactJS/NodeJS.- Experience with Babel, Webpack, HTTP2, or other TypeScript building tools.- Knowledge of database technologies and agile development methodologies.- Experience working with databases, such as MySQL or PostgreSQL.- Understanding of microservices architecture.- Experience building large-scale web applications and optimizing front-end performance in a fast-moving team environment (Caching/CDN/Service Worker...).- Experience with API Integration (REST/JSON).- Experience with DevOps, On Premise, AWS (CloudFront S3), CI/CD is a plus- English communication is a plus.- Excellent problem-solving and management skills."
Bridge Engineer (BrSE),https://www.topcv.vn/viec-lam/bridge-engineer-brse/1256176.html?ta_source=ITJobs_LinkDetail,Nichietsu,Tới 40 triệu,Hồ Chí Minh,,,,,
Kỹ Sư Vận Hành Khai Thác Hệ Thống,https://www.topcv.vn/viec-lam/ky-su-van-hanh-khai-thac-he-thong/1256484.html?ta_source=ITJobs_LinkDetail,Viettel Software,Thoả thuận,Hà Nội,Nhân viên,2 năm,Toàn thời gian,Không yêu cầu,"1. Trình độ - Tốt nghiệp đại học chính quy chuyên ngành công nghệ thông tin/điện tử viễn thông. 2. Yêu cầu kiến thức: - Nắm, hiểu bản chất các kiến thức cơ bản lý thuyết về điện tử viễn thông, công nghệ thông tin. - Hiểu biết cơ bản các hệ quản trị CSDL như CSDL SQL server, Oracle, MySQL, NoSQL - Có kiến thức về Bigdata và Cloud computing là lợi thế. - Có kinh nghiệm lập trình java/python là lợi thế. - Có tố chất tốt, đam mê công việc, năng động, sáng tạo, tư duy phân tích, tổng hợp. Trung thực, trách nhiệm, cẩn thận, tỉ mỉ. - Ưu tiên có chứng chỉ về mạng, Linux, Oracle (CCNA, CCNP, LPIC, OCA, OCP), MariaDB, kubenates (k8s), DevOps 3. Yêu cầu về kỹ năng - Có tinh thần tỉ mỉ, cẩn thận, trách nhiệm. - Có kinh nghiệm làm việc và triển khai các hệ thống trên Linux là lợi thế. - Có kĩ năng lập trình với 1 trong các ngôn ngữ như Bash/Shell, Python, Java, Scala... - Có kinh nghiệm làm việc với nginx, apache, mysql, docker, k8s,...(Ưu tiên ứng viên Nam, từ 22-30 tuổi)"
Thực Tập Sinh Digital Marketing,https://www.topcv.vn/viec-lam/thuc-tap-sinh-digital-marketing/1256379.html?ta_source=ITJobs_LinkDetail,Công ty cổ phần Giải pháp EZ,Thoả thuận,Hà Nội,,,,,
Solution Architect,https://www.topcv.vn/viec-lam/solution-architect/1256407.html?ta_source=ITJobs_LinkDetail,CÔNG TY TNHH RABILOO,Thoả thuận,Hà Nội,Nhân viên,Trên 5 năm,Toàn thời gian,Không yêu cầu,"Bachelor's Degree in Computing Science or equivalentMinimum 8 years of relevant experience in IT/ Consulting domainMinimum 4 years of working experience in an Architect role including designing, building, and maintaining complex, cloud-based solutionsExperienced in designing and delivering complex web-based applications using Java, GoogleGWT, HTML/Javascript, Angular, Vue.js or other relevant technology stack.Experienced with frameworks such as Spring, Springboot, Hibernate, JPA... Experienced in the following database servers: Oracle, MSSQL, NoSQL.Experience leading a team of engineers to deliver application solutions in a cloud environment.GCP/AWS Solutions Architect certification (Professional level preferred)Knowledge of MVC design, Data modeling, Deployment & Build management, Data migration.Possess working experience in Cloud Native Architecture with Microservices, Docker, Docker Swarm/Kubernetes, container-based orchestration, CI/CD, Domain Driven Design (DDD), API Design Working experience with other public Clouds (AWS or GCP)Demonstrated scripting skills (PowerShell, Python, or Shell)Excellent oral and written communications skills and experience interacting with both business and IT individuals at all levels including the executive level"
Kỹ Sư Hệ Thống (System Engineer),https://www.topcv.vn/viec-lam/ky-su-he-thong-system-engineer/1256487.html?ta_source=ITJobs_LinkDetail,Viettel Software,Thoả thuận,Hà Nội,,,,,
Chuyên Viên Đào Tạo & Phát Triển,https://www.topcv.vn/viec-lam/chuyen-vien-dao-tao-phat-trien/1256688.html?ta_source=ITJobs_LinkDetail,Viettel Software,Thoả thuận,Hà Nội,Nhân viên,3 năm,Toàn thời gian,Không yêu cầu,"- Có kinh nghiệm từ 3 năm trong lĩnh vực đào tạo và phát triển con người đặc biệt là trong việc thiết kế và triển khai các chương trình năng lực lãnh đạo và quản lý.-Tốt nghiệp Đại học ngành Quản trị nguồn nhân lực, kinh tế, quản trị kinh doanh, kinh tế quốc tế... hoặc các ngành có liên quan.-Tiếng Anh tương đương Toeic 750 - Có kiến thức sâu rộng về các phương pháp đào tạo hiện đại và các xu hướng mới nhất trong lĩnh vực phát triển năng lực lãnh đạo và quản lý.- Thành thạo các bước TNA, thiết kế chương trình, lập kế hoạch, triển khai, đánh giá và cải tiến chương trình đào tạo.- Có khả năng tư duy phân tích, thiết kế chương trình đào tạo, và đánh giá hiệu quả của chương trình.- Có khả năng giải quyết vấn đề phức tạp, giao tiếp và tương tác hiệu quả với các bộ phận khác trong công ty.-Ưu tiên ứng viên có kinh nghiệm làm việc tại các công ty công nghệ."
Junior Backend Developer,https://www.topcv.vn/viec-lam/junior-backend-developer/1256249.html?ta_source=ITJobs_LinkDetail,WebProvise - Creative Commerce Solutions,Thoả thuận,Hà Nội,,,,,
Nhân Viên Code Lua (Mảng Game),https://www.topcv.vn/viec-lam/nhan-vien-code-lua-mang-game/1256603.html?ta_source=ITJobs_LinkDetail,CÔNG TY CỔ PHẦN THƯƠNG MẠI TRUYỀN THÔNG ALOHA MEDIA,7 - 9 triệu,Hà Nội,Nhân viên,Dưới 1 năm,Toàn thời gian,Không yêu cầu,"Có 03 tháng - 06 tháng kinh nghiệm.Đam mê chơi game và hiểu biết sâu sắc về cơ chế trò chơi dòng game võ lâm.Có kiến thức về C++, Lua.Nhanh nhẹn, chịu khó học hỏi, có trách nhiệm, đảm bảo công việc đúng deadline."
Flutter Developer,https://www.topcv.vn/viec-lam/flutter-developer/1256665.html?ta_source=ITJobs_LinkDetail,CÔNG TY CỔ PHẦN SYSTEMATIC FUNCTIONS,Tới 40 triệu,Hà Nội,,,,,
React Native,https://www.topcv.vn/viec-lam/react-native/1256745.html?ta_source=ITJobs_LinkDetail,CÔNG TY CỔ PHẦN CÔNG NGHỆ AIT,15 - 35 triệu,Hà Nội,Nhân viên,2 năm,Toàn thời gian,Không yêu cầu,"• Tối thiểu 2 năm làm việc thực tế tại các công ty, dự án về lập trình Mobile.• Có kiến thức và kinh nghiệm về lập trình React Native (Bắt buộc), Objective C/Swift hoặc Android java, Kotlin.• Tích hợp SDK Native cho iOS và Android App• Có kinh nghiệm: JavaScript , Restful API, JSON, XML, UNIT TEST.• Có kinh nghiêm làm việc API có dùng JWT• Có kinh nghiệm và hiểu biết về ReactJS là 1 lợi thế.• Có kiến thức và kinh nghiệm sử dụng thành thạo IDE XCode, Android Studio, các công cụ hỗ trợ (Simulator, Instrument).• Có khả năng nắm vững các khái niệm OOP, MVC, MVVM, Layout, API,...• Có các kỹ năng lập trình tốt như: phân tích, đưa giải pháp để giải quyết các vấn đề; • Có kiến thức tốt về OOP, hiểu và áp dụng các nguyên lý SOLID, Design Pattern.· Có kiến thức tốt về cấu trúc dữ liệu và giải thuật.· Khả năng phân tích tình huống và xử lý vấn đề nhanh, kinh nghiệm về UI/UX."
Automotive Tester (All Level),https://www.topcv.vn/viec-lam/automotive-tester-all-level/1256558.html?ta_source=ITJobs_LinkDetail,"INFINIQ Vietnam Co.,ltd",Thoả thuận,Hà Nội,,,,,
Nhân Viên Backend Developer,https://www.topcv.vn/viec-lam/nhan-vien-backend-developer/1256490.html?ta_source=ITJobs_LinkDetail,CÔNG TY TNHH TRUYỀN THÔNG VÀ DỊCH VỤ DU LỊCH CẢM XÚC VIỆT,Thoả thuận,Hà Nội,Nhân viên,Không yêu cầu kinh nghiệm,Toàn thời gian,Không yêu cầu,". Từ 2 năm kinh nghiệm lập trình backend.• Có kiến thức sâu về Golang, Python, NodeJS, Java, C# hoặc các ngôn ngữ BE tươngđương khác.• Có kiến thức về OOP, microservices, Design pattern và thiết kế hệ thống.• Có kinh nghiệm tối ưu hệ thống hoặc tham gia phát triển dự án lớn, số lượng người dùngđáng kể. Biết sử dụng công nghệ Database (SQL, NoSQL), Redis, Message Queue(Kafka, RabbitMQ), các công cụ DevOps (Docker, Docker Compose, K8s)• Có khả năng viết clean & maintainable code, tập trung vào hiệu suất, có thể tái sử dụngvà dễ hiểu với kiểm thử đơn vị (unit test).• Có định hướng rõ ràng, sẵn sàng học hỏi những điều mới và yêu thích sản phẩm• Tư duy logic và giải quyết vấn đề tốt, nắm bắt công nghệ nhanh."
Senior Data Analyst,https://www.topcv.vn/viec-lam/senior-data-analyst/1055926.html?ta_source=ITJobs_LinkDetail,Công ty Cổ phần công nghệ Prep,25 - 30 triệu,Hà Nội,,,,,
Senior Machine Learning Engineer,https://www.topcv.vn/viec-lam/senior-machine-learning-engineer/1255047.html?ta_source=ITJobs_LinkDetail,CÔNG TY TNHH EARABLE VIỆT NAM,40 - 70 triệu,Hà Nội,Nhân viên,3 năm,Toàn thời gian,Không yêu cầu,"Bachelor's, Master's degree (Ph.D. preferred) or higher in Computer Science, data science, machine learning, or a related field.At least 3 years of experience in building machine learning models and applying machine learning techniques in the industryStrong programming skills in Python (and/or C/C++) and experience with deep learning frameworks such as TensorFlow, PyTorch, or KerasOptional 1: Strong knowledge of signal processing techniques and/or experience working with EEG brain signalsOptional 2: Experience with natural language processing (c), chatbot and/or recommendation systems,...Strong analytical and problem-solving skills & good communication and collaboration skills"
